age;priors_count;days_b_screening_arrest;is_recid;is_violent_recid;two_year_recid;length_of_stay;age_cat_25 - 45;age_cat_Greater than 45;age_cat_Less than 25;sex_Female;sex_Male;race_African-American;race_Asian;race_Caucasian;race_Hispanic;race_Native American;race_Other;c_charge_degree_F;c_charge_degree_M
0.15384615384615383;0.0;0.0;0.0;0.0;0.0;0.0012515644555694619;1.0;0.0;0.0;1.0;0.0;1.0;0.0;0.0;0.0;0.0;0.0;1.0;0.0
0.15384615384615383;0.3421052631578947;0.001892147587511826;1.0;0.0;1.0;0.04130162703379224;1.0;0.0;0.0;0.0;1.0;0.0;0.0;1.0;0.0;0.0;0.0;1.0;0.0
0.14102564102564105;0.02631578947368421;0.000946073793755913;0.0;0.0;0.0;0.003754693366708386;1.0;0.0;0.0;0.0;1.0;1.0;0.0;0.0;0.0;0.0;0.0;0.0;1.0
0.051282051282051294;0.10526315789473684;0.000946073793755913;1.0;1.0;1.0;0.3254067584480601;0.0;0.0;1.0;0.0;1.0;1.0;0.0;0.0;0.0;0.0;0.0;1.0;0.0
0.12820512820512822;0.23684210526315788;0.000946073793755913;0.0;0.0;0.0;0.0;1.0;0.0;0.0;0.0;1.0;0.0;0.0;1.0;0.0;0.0;0.0;0.0;1.0
0.025641025641025633;0.10526315789473684;0.000946073793755913;1.0;0.0;1.0;0.0025031289111389237;0.0;0.0;1.0;0.0;1.0;1.0;0.0;0.0;0.0;0.0;0.0;1.0;0.0
0.16666666666666666;0.02631578947368421;0.000946073793755913;1.0;0.0;1.0;0.0;1.0;0.0;0.0;0.0;1.0;1.0;0.0;0.0;0.0;0.0;0.0;0.0;1.0
0.5128205128205129;0.0;0.000946073793755913;0.0;0.0;0.0;0.0012515644555694619;0.0;1.0;0.0;1.0;0.0;0.0;0.0;0.0;0.0;0.0;1.0;1.0;0.0
0.11538461538461539;0.18421052631578946;0.000946073793755913;1.0;0.0;1.0;0.0050062578222778474;1.0;0.0;0.0;0.0;1.0;1.0;0.0;0.0;0.0;0.0;0.0;1.0;0.0
0.16666666666666666;0.42105263157894735;0.0;1.0;0.0;1.0;0.6032540675844806;1.0;0.0;0.0;0.0;1.0;0.0;0.0;0.0;1.0;0.0;0.0;1.0;0.0
0.19230769230769232;0.3684210526315789;0.07473982970671712;0.0;0.0;0.0;0.08385481852315395;1.0;0.0;0.0;0.0;1.0;1.0;0.0;0.0;0.0;0.0;0.0;1.0;0.0
0.5128205128205129;0.07894736842105263;0.003784295175023652;0.0;0.0;0.0;0.0012515644555694619;0.0;1.0;0.0;0.0;1.0;0.0;0.0;1.0;0.0;0.0;0.0;0.0;1.0
0.3846153846153847;0.3684210526315789;0.021759697256385997;1.0;0.0;1.0;0.17772215269086358;0.0;1.0;0.0;0.0;1.0;1.0;0.0;0.0;0.0;0.0;0.0;1.0;0.0
0.16666666666666666;0.10526315789473684;0.06622516556291391;0.0;0.0;0.0;0.08760951188986232;1.0;0.0;0.0;0.0;1.0;1.0;0.0;0.0;0.0;0.0;0.0;1.0;0.0
0.07692307692307696;0.05263157894736842;0.000946073793755913;1.0;0.0;1.0;0.0;0.0;0.0;1.0;0.0;1.0;1.0;0.0;0.0;0.0;0.0;0.0;0.0;1.0
0.19230769230769232;0.0;0.000946073793755913;1.0;0.0;1.0;0.0362953692115144;1.0;0.0;0.0;1.0;0.0;1.0;0.0;0.0;0.0;0.0;0.0;1.0;0.0
0.038461538461538464;0.05263157894736842;0.000946073793755913;1.0;0.0;1.0;0.0012515644555694619;0.0;0.0;1.0;0.0;1.0;0.0;0.0;1.0;0.0;0.0;0.0;1.0;0.0
0.11538461538461539;0.0;0.000946073793755913;1.0;1.0;1.0;0.0012515644555694619;1.0;0.0;0.0;0.0;1.0;1.0;0.0;0.0;0.0;0.0;0.0;0.0;1.0
0.42307692307692313;0.07894736842105263;0.000946073793755913;0.0;0.0;0.0;0.02002503128911139;0.0;1.0;0.0;0.0;1.0;0.0;0.0;1.0;0.0;0.0;0.0;1.0;0.0
0.07692307692307696;0.07894736842105263;0.02459791863765374;1.0;0.0;1.0;0.04380475594493116;0.0;0.0;1.0;0.0;1.0;1.0;0.0;0.0;0.0;0.0;0.0;1.0;0.0
0.42307692307692313;0.07894736842105263;0.08136234626300852;0.0;0.0;0.0;0.0025031289111389237;0.0;1.0;0.0;0.0;1.0;0.0;0.0;0.0;1.0;0.0;0.0;0.0;1.0
0.11538461538461539;0.2631578947368421;0.000946073793755913;0.0;0.0;0.0;0.008760951188986232;1.0;0.0;0.0;0.0;1.0;1.0;0.0;0.0;0.0;0.0;0.0;1.0;0.0
0.07692307692307696;0.10526315789473684;0.02554399243140965;1.0;0.0;1.0;0.03254067584480601;0.0;0.0;1.0;0.0;1.0;1.0;0.0;0.0;0.0;0.0;0.0;1.0;0.0
0.3076923076923077;0.0;0.000946073793755913;0.0;0.0;0.0;0.3516896120150188;1.0;0.0;0.0;1.0;0.0;0.0;0.0;0.0;0.0;0.0;1.0;1.0;0.0
0.21794871794871792;0.6052631578947368;0.000946073793755913;1.0;0.0;1.0;0.0012515644555694619;1.0;0.0;0.0;0.0;1.0;1.0;0.0;0.0;0.0;0.0;0.0;1.0;0.0
0.11538461538461539;0.23684210526315788;0.000946073793755913;1.0;0.0;1.0;0.0;1.0;0.0;0.0;0.0;1.0;1.0;0.0;0.0;0.0;0.0;0.0;1.0;0.0
0.20512820512820515;0.42105263157894735;0.000946073793755913;1.0;0.0;1.0;0.0012515644555694619;1.0;0.0;0.0;0.0;1.0;1.0;0.0;0.0;0.0;0.0;0.0;1.0;0.0
0.19230769230769232;0.0;0.000946073793755913;0.0;0.0;0.0;0.012515644555694618;1.0;0.0;0.0;0.0;1.0;0.0;0.0;0.0;0.0;0.0;1.0;0.0;1.0
0.12820512820512822;0.02631578947368421;0.000946073793755913;1.0;0.0;1.0;0.0012515644555694619;1.0;0.0;0.0;0.0;1.0;0.0;0.0;1.0;0.0;0.0;0.0;1.0;0.0
0.3076923076923077;0.07894736842105263;0.0;1.0;0.0;1.0;0.0012515644555694619;1.0;0.0;0.0;0.0;1.0;0.0;0.0;1.0;0.0;0.0;0.0;1.0;0.0
0.20512820512820515;0.02631578947368421;0.0;0.0;0.0;0.0;0.028785982478097622;1.0;0.0;0.0;0.0;1.0;1.0;0.0;0.0;0.0;0.0;0.0;1.0;0.0
0.5;0.07894736842105263;0.000946073793755913;1.0;0.0;1.0;0.0;0.0;1.0;0.0;0.0;1.0;0.0;0.0;1.0;0.0;0.0;0.0;0.0;1.0
0.16666666666666666;0.42105263157894735;0.000946073793755913;1.0;0.0;1.0;0.0;1.0;0.0;0.0;0.0;1.0;1.0;0.0;0.0;0.0;0.0;0.0;1.0;0.0
0.06410256410256412;0.0;0.0;0.0;0.0;0.0;0.0;0.0;0.0;1.0;0.0;1.0;0.0;0.0;1.0;0.0;0.0;0.0;1.0;0.0
0.10256410256410256;0.23684210526315788;0.000946073793755913;1.0;1.0;1.0;0.0012515644555694619;1.0;0.0;0.0;0.0;1.0;0.0;0.0;1.0;0.0;0.0;0.0;0.0;1.0
0.025641025641025633;0.05263157894736842;0.000946073793755913;1.0;0.0;1.0;0.0;0.0;0.0;1.0;0.0;1.0;1.0;0.0;0.0;0.0;0.0;0.0;1.0;0.0
0.11538461538461539;0.0;0.000946073793755913;0.0;0.0;0.0;0.0;1.0;0.0;0.0;0.0;1.0;0.0;0.0;0.0;0.0;0.0;1.0;0.0;1.0
0.14102564102564105;0.2631578947368421;0.000946073793755913;1.0;0.0;1.0;0.13516896120150187;1.0;0.0;0.0;0.0;1.0;1.0;0.0;0.0;0.0;0.0;0.0;0.0;1.0
0.5128205128205129;0.05263157894736842;0.000946073793755913;0.0;0.0;0.0;0.0012515644555694619;0.0;1.0;0.0;0.0;1.0;0.0;0.0;1.0;0.0;0.0;0.0;1.0;0.0
0.29487179487179493;0.23684210526315788;0.000946073793755913;1.0;0.0;0.0;0.0;1.0;0.0;0.0;0.0;1.0;1.0;0.0;0.0;0.0;0.0;0.0;0.0;1.0
0.025641025641025633;0.0;0.000946073793755913;0.0;0.0;0.0;0.003754693366708386;0.0;0.0;1.0;0.0;1.0;0.0;0.0;1.0;0.0;0.0;0.0;0.0;1.0
0.39743589743589747;0.02631578947368421;0.0;1.0;1.0;1.0;0.023779724655819776;0.0;1.0;0.0;0.0;1.0;1.0;0.0;0.0;0.0;0.0;0.0;1.0;0.0
0.038461538461538464;0.0;0.000946073793755913;1.0;0.0;0.0;0.0;0.0;0.0;1.0;0.0;1.0;1.0;0.0;0.0;0.0;0.0;0.0;1.0;0.0
0.47435897435897434;0.0;0.000946073793755913;0.0;0.0;0.0;0.0012515644555694619;0.0;1.0;0.0;0.0;1.0;0.0;0.0;1.0;0.0;0.0;0.0;0.0;1.0
0.1794871794871795;0.15789473684210525;0.000946073793755913;1.0;1.0;1.0;0.0050062578222778474;1.0;0.0;0.0;0.0;1.0;1.0;0.0;0.0;0.0;0.0;0.0;1.0;0.0
0.01282051282051283;0.07894736842105263;0.000946073793755913;1.0;0.0;1.0;0.03754693366708386;0.0;0.0;1.0;0.0;1.0;1.0;0.0;0.0;0.0;0.0;0.0;1.0;0.0
0.08974358974358973;0.0;0.000946073793755913;0.0;0.0;0.0;0.0012515644555694619;1.0;0.0;0.0;1.0;0.0;0.0;0.0;1.0;0.0;0.0;0.0;0.0;1.0
0.14102564102564105;0.15789473684210525;0.000946073793755913;1.0;0.0;1.0;0.0;1.0;0.0;0.0;0.0;1.0;0.0;0.0;0.0;0.0;0.0;1.0;1.0;0.0
0.06410256410256412;0.05263157894736842;0.001892147587511826;1.0;1.0;1.0;0.0012515644555694619;0.0;0.0;1.0;1.0;0.0;1.0;0.0;0.0;0.0;0.0;0.0;1.0;0.0
0.2564102564102564;0.02631578947368421;0.000946073793755913;0.0;0.0;0.0;0.15769712140175218;1.0;0.0;0.0;0.0;1.0;0.0;0.0;0.0;1.0;0.0;0.0;0.0;1.0
0.6538461538461539;0.15789473684210525;0.000946073793755913;1.0;0.0;1.0;0.0012515644555694619;0.0;1.0;0.0;0.0;1.0;0.0;0.0;1.0;0.0;0.0;0.0;1.0;0.0
0.24358974358974358;0.0;0.000946073793755913;0.0;0.0;0.0;0.0;1.0;0.0;0.0;0.0;1.0;0.0;0.0;1.0;0.0;0.0;0.0;1.0;0.0
0.14102564102564105;0.18421052631578946;0.000946073793755913;1.0;1.0;1.0;0.0012515644555694619;1.0;0.0;0.0;0.0;1.0;0.0;0.0;1.0;0.0;0.0;0.0;0.0;1.0
0.16666666666666666;0.13157894736842105;0.000946073793755913;0.0;0.0;0.0;0.0;1.0;0.0;0.0;0.0;1.0;1.0;0.0;0.0;0.0;0.0;0.0;0.0;1.0
0.038461538461538464;0.0;0.000946073793755913;1.0;1.0;1.0;0.0012515644555694619;0.0;0.0;1.0;0.0;1.0;0.0;0.0;1.0;0.0;0.0;0.0;1.0;0.0
0.038461538461538464;0.05263157894736842;0.0;1.0;0.0;0.0;0.03379224030037547;0.0;0.0;1.0;0.0;1.0;0.0;0.0;1.0;0.0;0.0;0.0;0.0;1.0
0.1794871794871795;0.02631578947368421;0.000946073793755913;0.0;0.0;0.0;0.0012515644555694619;1.0;0.0;0.0;0.0;1.0;0.0;0.0;1.0;0.0;0.0;0.0;1.0;0.0
0.038461538461538464;0.0;0.000946073793755913;0.0;0.0;0.0;0.0025031289111389237;0.0;0.0;1.0;0.0;1.0;0.0;0.0;0.0;0.0;0.0;1.0;1.0;0.0
0.33333333333333337;0.0;0.000946073793755913;1.0;0.0;1.0;0.0012515644555694619;1.0;0.0;0.0;0.0;1.0;0.0;0.0;1.0;0.0;0.0;0.0;1.0;0.0
0.07692307692307696;0.07894736842105263;0.5648060548722801;1.0;1.0;1.0;0.0;0.0;0.0;1.0;0.0;1.0;0.0;0.0;0.0;1.0;0.0;0.0;0.0;1.0
0.07692307692307696;0.05263157894736842;0.000946073793755913;1.0;1.0;1.0;0.030037546933667086;0.0;0.0;1.0;0.0;1.0;1.0;0.0;0.0;0.0;0.0;0.0;0.0;1.0
0.11538461538461539;0.0;0.000946073793755913;0.0;0.0;0.0;0.0012515644555694619;1.0;0.0;0.0;0.0;1.0;0.0;0.0;1.0;0.0;0.0;0.0;0.0;1.0
0.08974358974358973;0.02631578947368421;0.00946073793755913;0.0;0.0;0.0;0.0;1.0;0.0;0.0;1.0;0.0;1.0;0.0;0.0;0.0;0.0;0.0;1.0;0.0
0.33333333333333337;0.0;0.000946073793755913;1.0;0.0;1.0;0.0;1.0;0.0;0.0;1.0;0.0;0.0;0.0;1.0;0.0;0.0;0.0;1.0;0.0
0.10256410256410256;0.13157894736842105;0.000946073793755913;0.0;0.0;0.0;0.0;1.0;0.0;0.0;0.0;1.0;1.0;0.0;0.0;0.0;0.0;0.0;1.0;0.0
0.3076923076923077;0.05263157894736842;0.000946073793755913;0.0;0.0;0.0;0.0012515644555694619;1.0;0.0;0.0;1.0;0.0;1.0;0.0;0.0;0.0;0.0;0.0;1.0;0.0
0.20512820512820515;0.13157894736842105;0.000946073793755913;1.0;0.0;1.0;0.0025031289111389237;1.0;0.0;0.0;0.0;1.0;1.0;0.0;0.0;0.0;0.0;0.0;1.0;0.0
0.20512820512820515;0.10526315789473684;0.3576158940397351;1.0;1.0;1.0;0.6633291614518148;1.0;0.0;0.0;0.0;1.0;1.0;0.0;0.0;0.0;0.0;0.0;1.0;0.0
0.10256410256410256;0.07894736842105263;0.000946073793755913;1.0;0.0;1.0;0.0012515644555694619;1.0;0.0;0.0;0.0;1.0;0.0;0.0;1.0;0.0;0.0;0.0;1.0;0.0
0.12820512820512822;0.07894736842105263;0.000946073793755913;1.0;0.0;1.0;0.0012515644555694619;1.0;0.0;0.0;0.0;1.0;0.0;0.0;0.0;1.0;0.0;0.0;1.0;0.0
0.025641025641025633;0.0;0.0;1.0;1.0;1.0;0.0;0.0;0.0;1.0;1.0;0.0;0.0;0.0;1.0;0.0;0.0;0.0;1.0;0.0
0.34615384615384615;0.13157894736842105;0.21759697256385999;0.0;0.0;0.0;0.0012515644555694619;0.0;1.0;0.0;0.0;1.0;1.0;0.0;0.0;0.0;0.0;0.0;1.0;0.0
0.19230769230769232;0.2894736842105263;0.000946073793755913;1.0;0.0;1.0;0.05506883604505632;1.0;0.0;0.0;0.0;1.0;1.0;0.0;0.0;0.0;0.0;0.0;1.0;0.0
0.12820512820512822;0.13157894736842105;0.000946073793755913;1.0;0.0;1.0;0.06382978723404255;1.0;0.0;0.0;0.0;1.0;1.0;0.0;0.0;0.0;0.0;0.0;0.0;1.0
0.34615384615384615;0.02631578947368421;0.000946073793755913;0.0;0.0;0.0;0.0;0.0;1.0;0.0;0.0;1.0;1.0;0.0;0.0;0.0;0.0;0.0;0.0;1.0
0.3076923076923077;0.4473684210526315;0.007568590350047304;1.0;0.0;1.0;0.010012515644555695;1.0;0.0;0.0;1.0;0.0;1.0;0.0;0.0;0.0;0.0;0.0;1.0;0.0
0.42307692307692313;0.3684210526315789;0.010406811731315042;0.0;0.0;0.0;0.008760951188986232;0.0;1.0;0.0;0.0;1.0;1.0;0.0;0.0;0.0;0.0;0.0;1.0;0.0
0.47435897435897434;0.47368421052631576;0.2346263008514664;1.0;0.0;1.0;0.0688360450563204;0.0;1.0;0.0;0.0;1.0;0.0;0.0;1.0;0.0;0.0;0.0;1.0;0.0
0.12820512820512822;0.02631578947368421;0.000946073793755913;0.0;0.0;0.0;0.0;1.0;0.0;0.0;0.0;1.0;1.0;0.0;0.0;0.0;0.0;0.0;0.0;1.0
0.06410256410256412;0.0;0.000946073793755913;1.0;0.0;1.0;0.003754693366708386;0.0;0.0;1.0;1.0;0.0;1.0;0.0;0.0;0.0;0.0;0.0;1.0;0.0
0.16666666666666666;0.2894736842105263;0.000946073793755913;1.0;0.0;1.0;0.0;1.0;0.0;0.0;0.0;1.0;0.0;0.0;1.0;0.0;0.0;0.0;1.0;0.0
0.1794871794871795;0.23684210526315788;0.0;1.0;0.0;1.0;0.0050062578222778474;1.0;0.0;0.0;0.0;1.0;0.0;0.0;1.0;0.0;0.0;0.0;0.0;1.0
0.10256410256410256;0.05263157894736842;0.000946073793755913;0.0;0.0;0.0;0.0;1.0;0.0;0.0;0.0;1.0;1.0;0.0;0.0;0.0;0.0;0.0;0.0;1.0
0.4487179487179488;0.05263157894736842;0.000946073793755913;0.0;0.0;0.0;0.0;0.0;1.0;0.0;0.0;1.0;1.0;0.0;0.0;0.0;0.0;0.0;1.0;0.0
0.06410256410256412;0.05263157894736842;0.000946073793755913;1.0;0.0;1.0;0.0025031289111389237;0.0;0.0;1.0;0.0;1.0;1.0;0.0;0.0;0.0;0.0;0.0;0.0;1.0
0.16666666666666666;0.0;0.000946073793755913;1.0;0.0;1.0;0.03754693366708386;1.0;0.0;0.0;0.0;1.0;0.0;0.0;1.0;0.0;0.0;0.0;1.0;0.0
0.038461538461538464;0.05263157894736842;0.002838221381267739;1.0;1.0;1.0;0.0;0.0;0.0;1.0;0.0;1.0;0.0;0.0;1.0;0.0;0.0;0.0;1.0;0.0
0.11538461538461539;0.0;0.000946073793755913;1.0;0.0;0.0;0.0;1.0;0.0;0.0;1.0;0.0;0.0;0.0;0.0;1.0;0.0;0.0;1.0;0.0
0.23076923076923075;0.4473684210526315;0.000946073793755913;1.0;0.0;1.0;0.01877346683354193;1.0;0.0;0.0;0.0;1.0;1.0;0.0;0.0;0.0;0.0;0.0;1.0;0.0
0.47435897435897434;0.8684210526315789;0.000946073793755913;1.0;0.0;1.0;0.30287859824780977;0.0;1.0;0.0;0.0;1.0;0.0;0.0;1.0;0.0;0.0;0.0;1.0;0.0
0.19230769230769232;0.02631578947368421;0.000946073793755913;0.0;0.0;0.0;0.0;1.0;0.0;0.0;0.0;1.0;1.0;0.0;0.0;0.0;0.0;0.0;1.0;0.0
0.10256410256410256;0.0;0.000946073793755913;0.0;0.0;0.0;0.0012515644555694619;1.0;0.0;0.0;1.0;0.0;1.0;0.0;0.0;0.0;0.0;0.0;0.0;1.0
0.1794871794871795;0.13157894736842105;0.000946073793755913;0.0;0.0;0.0;0.0012515644555694619;1.0;0.0;0.0;1.0;0.0;1.0;0.0;0.0;0.0;0.0;0.0;1.0;0.0
0.07692307692307696;0.0;0.000946073793755913;0.0;0.0;0.0;0.0;0.0;0.0;1.0;1.0;0.0;0.0;0.0;1.0;0.0;0.0;0.0;0.0;1.0
0.15384615384615383;0.0;0.0;0.0;0.0;0.0;0.0;1.0;0.0;0.0;0.0;1.0;0.0;0.0;0.0;1.0;0.0;0.0;1.0;0.0
0.3205128205128205;0.02631578947368421;0.000946073793755913;1.0;0.0;1.0;0.0;1.0;0.0;0.0;0.0;1.0;0.0;0.0;0.0;1.0;0.0;0.0;0.0;1.0
0.24358974358974358;0.0;0.000946073793755913;0.0;0.0;0.0;0.0;1.0;0.0;0.0;0.0;1.0;1.0;0.0;0.0;0.0;0.0;0.0;0.0;1.0
0.07692307692307696;0.05263157894736842;0.0;1.0;0.0;1.0;0.003754693366708386;0.0;0.0;1.0;1.0;0.0;1.0;0.0;0.0;0.0;0.0;0.0;1.0;0.0
0.025641025641025633;0.0;0.000946073793755913;1.0;0.0;1.0;0.022528160200250315;0.0;0.0;1.0;1.0;0.0;0.0;0.0;1.0;0.0;0.0;0.0;1.0;0.0
0.16666666666666666;0.0;0.000946073793755913;0.0;0.0;0.0;0.0012515644555694619;1.0;0.0;0.0;0.0;1.0;0.0;0.0;0.0;0.0;0.0;1.0;0.0;1.0
0.15384615384615383;0.0;0.0;0.0;0.0;0.0;0.0;1.0;0.0;0.0;0.0;1.0;0.0;0.0;1.0;0.0;0.0;0.0;0.0;1.0
0.1794871794871795;0.05263157894736842;0.0;0.0;0.0;0.0;0.13642052565707136;1.0;0.0;0.0;0.0;1.0;1.0;0.0;0.0;0.0;0.0;0.0;0.0;1.0
0.21794871794871792;0.18421052631578946;0.08136234626300852;1.0;0.0;1.0;0.0951188986232791;1.0;0.0;0.0;0.0;1.0;0.0;0.0;1.0;0.0;0.0;0.0;1.0;0.0
0.1794871794871795;0.2894736842105263;0.000946073793755913;1.0;0.0;1.0;0.0012515644555694619;1.0;0.0;0.0;0.0;1.0;1.0;0.0;0.0;0.0;0.0;0.0;0.0;1.0
0.2692307692307693;0.05263157894736842;0.11352885525070955;0.0;0.0;0.0;0.08010012515644556;1.0;0.0;0.0;0.0;1.0;0.0;0.0;1.0;0.0;0.0;0.0;1.0;0.0
0.2564102564102564;0.13157894736842105;0.001892147587511826;1.0;0.0;1.0;0.0;1.0;0.0;0.0;0.0;1.0;0.0;0.0;1.0;0.0;0.0;0.0;1.0;0.0
0.19230769230769232;0.05263157894736842;0.0;1.0;0.0;1.0;0.0012515644555694619;1.0;0.0;0.0;0.0;1.0;1.0;0.0;0.0;0.0;0.0;0.0;0.0;1.0
0.1794871794871795;0.10526315789473684;0.0;0.0;0.0;0.0;0.13516896120150187;1.0;0.0;0.0;0.0;1.0;1.0;0.0;0.0;0.0;0.0;0.0;1.0;0.0
0.06410256410256412;0.07894736842105263;0.000946073793755913;1.0;0.0;1.0;0.007509386733416772;0.0;0.0;1.0;0.0;1.0;1.0;0.0;0.0;0.0;0.0;0.0;1.0;0.0
0.051282051282051294;0.0;0.000946073793755913;0.0;0.0;0.0;0.0;0.0;0.0;1.0;0.0;1.0;1.0;0.0;0.0;0.0;0.0;0.0;1.0;0.0
0.07692307692307696;0.0;0.0;1.0;0.0;1.0;0.0;0.0;0.0;1.0;0.0;1.0;0.0;0.0;0.0;1.0;0.0;0.0;1.0;0.0
0.4358974358974359;0.07894736842105263;0.000946073793755913;0.0;0.0;0.0;0.0;0.0;1.0;0.0;0.0;1.0;0.0;0.0;1.0;0.0;0.0;0.0;0.0;1.0
0.16666666666666666;0.15789473684210525;0.02554399243140965;1.0;1.0;1.0;0.06007509386733417;1.0;0.0;0.0;0.0;1.0;1.0;0.0;0.0;0.0;0.0;0.0;0.0;1.0
0.21794871794871792;0.3157894736842105;0.000946073793755913;1.0;0.0;1.0;0.0;1.0;0.0;0.0;0.0;1.0;1.0;0.0;0.0;0.0;0.0;0.0;1.0;0.0
0.4358974358974359;0.05263157894736842;0.000946073793755913;1.0;0.0;1.0;0.04130162703379224;0.0;1.0;0.0;0.0;1.0;1.0;0.0;0.0;0.0;0.0;0.0;1.0;0.0
0.3205128205128205;0.15789473684210525;0.0;1.0;0.0;1.0;0.0;1.0;0.0;0.0;0.0;1.0;1.0;0.0;0.0;0.0;0.0;0.0;0.0;1.0
0.20512820512820515;0.3421052631578947;0.000946073793755913;1.0;0.0;1.0;0.0012515644555694619;1.0;0.0;0.0;0.0;1.0;1.0;0.0;0.0;0.0;0.0;0.0;1.0;0.0
0.14102564102564105;0.10526315789473684;0.050141911069063384;1.0;1.0;1.0;0.03128911138923655;1.0;0.0;0.0;0.0;1.0;1.0;0.0;0.0;0.0;0.0;0.0;1.0;0.0
0.11538461538461539;0.07894736842105263;0.000946073793755913;0.0;0.0;0.0;0.04630788485607009;1.0;0.0;0.0;0.0;1.0;1.0;0.0;0.0;0.0;0.0;0.0;0.0;1.0
0.4871794871794872;0.2631578947368421;0.000946073793755913;1.0;0.0;1.0;0.05131414267834793;0.0;1.0;0.0;1.0;0.0;0.0;0.0;1.0;0.0;0.0;0.0;1.0;0.0
0.038461538461538464;0.02631578947368421;0.000946073793755913;1.0;0.0;0.0;0.0012515644555694619;0.0;0.0;1.0;0.0;1.0;1.0;0.0;0.0;0.0;0.0;0.0;1.0;0.0
0.4358974358974359;0.0;0.000946073793755913;1.0;1.0;1.0;0.0050062578222778474;0.0;1.0;0.0;0.0;1.0;1.0;0.0;0.0;0.0;0.0;0.0;0.0;1.0
0.10256410256410256;0.0;0.000946073793755913;0.0;0.0;0.0;0.0;1.0;0.0;0.0;1.0;0.0;1.0;0.0;0.0;0.0;0.0;0.0;0.0;1.0
0.038461538461538464;0.0;0.000946073793755913;1.0;0.0;1.0;0.04380475594493116;0.0;0.0;1.0;0.0;1.0;1.0;0.0;0.0;0.0;0.0;0.0;0.0;1.0
0.2564102564102564;0.10526315789473684;0.0;0.0;0.0;0.0;0.0012515644555694619;1.0;0.0;0.0;0.0;1.0;1.0;0.0;0.0;0.0;0.0;0.0;1.0;0.0
0.07692307692307696;0.23684210526315788;0.000946073793755913;1.0;0.0;1.0;0.003754693366708386;0.0;0.0;1.0;0.0;1.0;1.0;0.0;0.0;0.0;0.0;0.0;0.0;1.0
0.42307692307692313;0.5526315789473684;0.000946073793755913;1.0;0.0;1.0;0.5619524405506884;0.0;1.0;0.0;0.0;1.0;1.0;0.0;0.0;0.0;0.0;0.0;1.0;0.0
0.025641025641025633;0.0;0.0;1.0;0.0;1.0;0.0012515644555694619;0.0;0.0;1.0;1.0;0.0;1.0;0.0;0.0;0.0;0.0;0.0;0.0;1.0
0.21794871794871792;0.07894736842105263;0.0;1.0;1.0;1.0;0.0;1.0;0.0;0.0;1.0;0.0;1.0;0.0;0.0;0.0;0.0;0.0;0.0;1.0
0.29487179487179493;0.47368421052631576;0.000946073793755913;1.0;0.0;1.0;0.04130162703379224;1.0;0.0;0.0;0.0;1.0;1.0;0.0;0.0;0.0;0.0;0.0;0.0;1.0
0.14102564102564105;0.0;0.000946073793755913;0.0;0.0;0.0;0.1113892365456821;1.0;0.0;0.0;0.0;1.0;0.0;0.0;1.0;0.0;0.0;0.0;1.0;0.0
0.025641025641025633;0.05263157894736842;0.052980132450331126;1.0;0.0;1.0;0.07008760951188986;0.0;0.0;1.0;0.0;1.0;1.0;0.0;0.0;0.0;0.0;0.0;1.0;0.0
0.19230769230769232;0.0;0.000946073793755913;1.0;0.0;1.0;0.0012515644555694619;1.0;0.0;0.0;0.0;1.0;1.0;0.0;0.0;0.0;0.0;0.0;0.0;1.0
0.24358974358974358;0.02631578947368421;0.000946073793755913;0.0;0.0;0.0;0.0025031289111389237;1.0;0.0;0.0;0.0;1.0;0.0;0.0;0.0;1.0;0.0;0.0;1.0;0.0
0.19230769230769232;0.23684210526315788;0.000946073793755913;1.0;0.0;1.0;0.0012515644555694619;1.0;0.0;0.0;0.0;1.0;1.0;0.0;0.0;0.0;0.0;0.0;0.0;1.0
0.29487179487179493;0.05263157894736842;0.04446546830652791;0.0;0.0;0.0;0.0;1.0;0.0;0.0;0.0;1.0;0.0;0.0;1.0;0.0;0.0;0.0;0.0;1.0
0.12820512820512822;0.3157894736842105;0.000946073793755913;1.0;0.0;1.0;0.0951188986232791;1.0;0.0;0.0;0.0;1.0;1.0;0.0;0.0;0.0;0.0;0.0;1.0;0.0
0.07692307692307696;0.0;0.000946073793755913;0.0;0.0;0.0;0.0;0.0;0.0;1.0;0.0;1.0;1.0;0.0;0.0;0.0;0.0;0.0;0.0;1.0
0.038461538461538464;0.21052631578947367;0.028382213812677387;1.0;1.0;1.0;0.3041301627033792;0.0;0.0;1.0;0.0;1.0;1.0;0.0;0.0;0.0;0.0;0.0;1.0;0.0
0.038461538461538464;0.0;0.0;1.0;0.0;1.0;0.007509386733416772;0.0;0.0;1.0;0.0;1.0;1.0;0.0;0.0;0.0;0.0;0.0;1.0;0.0
0.08974358974358973;0.07894736842105263;0.021759697256385997;0.0;0.0;0.0;0.0012515644555694619;1.0;0.0;0.0;1.0;0.0;1.0;0.0;0.0;0.0;0.0;0.0;0.0;1.0
0.15384615384615383;0.5;0.0;1.0;0.0;1.0;0.011264080100125157;1.0;0.0;0.0;0.0;1.0;1.0;0.0;0.0;0.0;0.0;0.0;1.0;0.0
0.14102564102564105;0.02631578947368421;0.001892147587511826;0.0;0.0;0.0;0.0;1.0;0.0;0.0;0.0;1.0;0.0;0.0;0.0;1.0;0.0;0.0;0.0;1.0
0.34615384615384615;0.23684210526315788;0.000946073793755913;1.0;0.0;1.0;0.06758448060075094;0.0;1.0;0.0;0.0;1.0;0.0;0.0;1.0;0.0;0.0;0.0;1.0;0.0
0.21794871794871792;0.0;0.000946073793755913;0.0;0.0;0.0;0.0012515644555694619;1.0;0.0;0.0;0.0;1.0;1.0;0.0;0.0;0.0;0.0;0.0;1.0;0.0
0.14102564102564105;0.0;0.000946073793755913;1.0;0.0;1.0;0.0012515644555694619;1.0;0.0;0.0;0.0;1.0;1.0;0.0;0.0;0.0;0.0;0.0;0.0;1.0
0.14102564102564105;0.13157894736842105;0.000946073793755913;0.0;0.0;0.0;0.0;1.0;0.0;0.0;0.0;1.0;1.0;0.0;0.0;0.0;0.0;0.0;1.0;0.0
0.14102564102564105;0.0;0.000946073793755913;0.0;0.0;0.0;0.0;1.0;0.0;0.0;1.0;0.0;0.0;0.0;1.0;0.0;0.0;0.0;0.0;1.0
0.08974358974358973;0.18421052631578946;0.0;1.0;0.0;1.0;0.0;1.0;0.0;0.0;0.0;1.0;1.0;0.0;0.0;0.0;0.0;0.0;1.0;0.0
0.21794871794871792;0.10526315789473684;0.000946073793755913;1.0;0.0;1.0;0.44180225281602004;1.0;0.0;0.0;0.0;1.0;1.0;0.0;0.0;0.0;0.0;0.0;1.0;0.0
0.19230769230769232;0.0;0.000946073793755913;0.0;0.0;0.0;0.008760951188986232;1.0;0.0;0.0;1.0;0.0;1.0;0.0;0.0;0.0;0.0;0.0;0.0;1.0
0.19230769230769232;0.05263157894736842;0.000946073793755913;0.0;0.0;0.0;0.017521902377972465;1.0;0.0;0.0;1.0;0.0;0.0;0.0;1.0;0.0;0.0;0.0;1.0;0.0
0.47435897435897434;0.4473684210526315;0.000946073793755913;1.0;0.0;1.0;0.03128911138923655;0.0;1.0;0.0;0.0;1.0;1.0;0.0;0.0;0.0;0.0;0.0;1.0;0.0
0.42307692307692313;0.05263157894736842;0.000946073793755913;0.0;0.0;0.0;0.0012515644555694619;0.0;1.0;0.0;0.0;1.0;1.0;0.0;0.0;0.0;0.0;0.0;0.0;1.0
0.051282051282051294;0.07894736842105263;0.001892147587511826;0.0;0.0;0.0;0.0012515644555694619;0.0;0.0;1.0;1.0;0.0;1.0;0.0;0.0;0.0;0.0;0.0;0.0;1.0
0.1794871794871795;0.15789473684210525;0.000946073793755913;0.0;0.0;0.0;0.0;1.0;0.0;0.0;0.0;1.0;1.0;0.0;0.0;0.0;0.0;0.0;1.0;0.0
0.07692307692307696;0.10526315789473684;0.000946073793755913;1.0;0.0;1.0;0.0;0.0;0.0;1.0;0.0;1.0;1.0;0.0;0.0;0.0;0.0;0.0;0.0;1.0
0.10256410256410256;0.05263157894736842;0.056764427625354774;0.0;0.0;0.0;0.0;1.0;0.0;0.0;0.0;1.0;0.0;0.0;1.0;0.0;0.0;0.0;1.0;0.0
0.14102564102564105;0.4473684210526315;0.000946073793755913;1.0;0.0;1.0;0.01877346683354193;1.0;0.0;0.0;0.0;1.0;1.0;0.0;0.0;0.0;0.0;0.0;1.0;0.0
0.19230769230769232;0.02631578947368421;0.00946073793755913;0.0;0.0;0.0;0.0;1.0;0.0;0.0;1.0;0.0;1.0;0.0;0.0;0.0;0.0;0.0;1.0;0.0
0.3717948717948718;0.0;0.003784295175023652;0.0;0.0;0.0;0.0012515644555694619;0.0;1.0;0.0;0.0;1.0;0.0;0.0;0.0;1.0;0.0;0.0;0.0;1.0
0.23076923076923075;0.5263157894736842;0.21002838221381268;1.0;0.0;1.0;0.2765957446808511;1.0;0.0;0.0;0.0;1.0;0.0;0.0;0.0;1.0;0.0;0.0;1.0;0.0
0.16666666666666666;0.0;0.000946073793755913;0.0;0.0;0.0;0.0;1.0;0.0;0.0;0.0;1.0;1.0;0.0;0.0;0.0;0.0;0.0;1.0;0.0
0.4871794871794872;0.07894736842105263;0.02554399243140965;1.0;0.0;1.0;0.0012515644555694619;0.0;1.0;0.0;0.0;1.0;1.0;0.0;0.0;0.0;0.0;0.0;0.0;1.0
0.038461538461538464;0.0;0.0;0.0;0.0;0.0;0.0;0.0;0.0;1.0;0.0;1.0;0.0;0.0;1.0;0.0;0.0;0.0;1.0;0.0
0.24358974358974358;0.05263157894736842;0.0;0.0;0.0;0.0;0.0;1.0;0.0;0.0;0.0;1.0;1.0;0.0;0.0;0.0;0.0;0.0;1.0;0.0
0.3846153846153847;0.02631578947368421;0.000946073793755913;0.0;0.0;0.0;0.0;0.0;1.0;0.0;0.0;1.0;0.0;0.0;1.0;0.0;0.0;0.0;1.0;0.0
0.16666666666666666;0.2631578947368421;0.017029328287606435;1.0;0.0;1.0;0.0012515644555694619;1.0;0.0;0.0;0.0;1.0;0.0;0.0;1.0;0.0;0.0;0.0;1.0;0.0
0.07692307692307696;0.23684210526315788;0.000946073793755913;1.0;0.0;1.0;0.010012515644555695;0.0;0.0;1.0;1.0;0.0;0.0;0.0;1.0;0.0;0.0;0.0;0.0;1.0
0.42307692307692313;0.02631578947368421;0.028382213812677387;0.0;0.0;0.0;0.0012515644555694619;0.0;1.0;0.0;1.0;0.0;0.0;0.0;1.0;0.0;0.0;0.0;0.0;1.0
0.12820512820512822;0.2894736842105263;0.000946073793755913;0.0;0.0;0.0;0.03254067584480601;1.0;0.0;0.0;0.0;1.0;1.0;0.0;0.0;0.0;0.0;0.0;1.0;0.0
0.1794871794871795;0.0;0.000946073793755913;0.0;0.0;0.0;0.030037546933667086;1.0;0.0;0.0;0.0;1.0;1.0;0.0;0.0;0.0;0.0;0.0;1.0;0.0
0.4358974358974359;0.05263157894736842;0.0;1.0;0.0;1.0;0.0050062578222778474;0.0;1.0;0.0;0.0;1.0;0.0;0.0;1.0;0.0;0.0;0.0;1.0;0.0
0.15384615384615383;0.2894736842105263;0.000946073793755913;0.0;0.0;0.0;0.0;1.0;0.0;0.0;0.0;1.0;1.0;0.0;0.0;0.0;0.0;0.0;1.0;0.0
0.23076923076923075;0.02631578947368421;0.0;0.0;0.0;0.0;0.0;1.0;0.0;0.0;0.0;1.0;0.0;0.0;0.0;1.0;0.0;0.0;0.0;1.0
0.34615384615384615;0.05263157894736842;0.0;0.0;0.0;0.0;0.0025031289111389237;0.0;1.0;0.0;0.0;1.0;0.0;0.0;1.0;0.0;0.0;0.0;0.0;1.0
0.10256410256410256;0.18421052631578946;0.20056764427625354;1.0;0.0;1.0;0.003754693366708386;1.0;0.0;0.0;0.0;1.0;1.0;0.0;0.0;0.0;0.0;0.0;0.0;1.0
0.15384615384615383;0.05263157894736842;0.000946073793755913;0.0;0.0;0.0;0.007509386733416772;1.0;0.0;0.0;0.0;1.0;0.0;0.0;0.0;1.0;0.0;0.0;1.0;0.0
0.11538461538461539;0.0;0.0;0.0;0.0;0.0;0.0012515644555694619;1.0;0.0;0.0;0.0;1.0;1.0;0.0;0.0;0.0;0.0;0.0;0.0;1.0
0.08974358974358973;0.13157894736842105;0.000946073793755913;0.0;0.0;0.0;0.0;1.0;0.0;0.0;1.0;0.0;1.0;0.0;0.0;0.0;0.0;0.0;0.0;1.0
0.11538461538461539;0.3421052631578947;0.000946073793755913;1.0;1.0;1.0;0.0012515644555694619;1.0;0.0;0.0;0.0;1.0;1.0;0.0;0.0;0.0;0.0;0.0;0.0;1.0
0.08974358974358973;0.10526315789473684;0.000946073793755913;1.0;0.0;1.0;0.10763454317897372;1.0;0.0;0.0;0.0;1.0;1.0;0.0;0.0;0.0;0.0;0.0;1.0;0.0
0.01282051282051283;0.05263157894736842;0.000946073793755913;1.0;0.0;1.0;0.0012515644555694619;0.0;0.0;1.0;0.0;1.0;1.0;0.0;0.0;0.0;0.0;0.0;1.0;0.0
0.2692307692307693;0.0;0.001892147587511826;0.0;0.0;0.0;0.0;1.0;0.0;0.0;1.0;0.0;0.0;0.0;1.0;0.0;0.0;0.0;0.0;1.0
0.5;0.18421052631578946;0.000946073793755913;1.0;0.0;0.0;0.18898623279098875;0.0;1.0;0.0;0.0;1.0;0.0;0.0;1.0;0.0;0.0;0.0;1.0;0.0
0.16666666666666666;0.02631578947368421;0.0;1.0;0.0;1.0;0.04130162703379224;1.0;0.0;0.0;1.0;0.0;1.0;0.0;0.0;0.0;0.0;0.0;1.0;0.0
0.038461538461538464;0.02631578947368421;0.000946073793755913;0.0;0.0;0.0;0.0;0.0;0.0;1.0;0.0;1.0;1.0;0.0;0.0;0.0;0.0;0.0;1.0;0.0
0.21794871794871792;0.7105263157894737;0.09744560075685904;0.0;0.0;0.0;0.0012515644555694619;1.0;0.0;0.0;0.0;1.0;1.0;0.0;0.0;0.0;0.0;0.0;1.0;0.0
0.5128205128205129;0.10526315789473684;0.013245033112582781;1.0;1.0;1.0;0.0012515644555694619;0.0;1.0;0.0;1.0;0.0;1.0;0.0;0.0;0.0;0.0;0.0;1.0;0.0
0.12820512820512822;0.2631578947368421;0.014191106906338694;1.0;0.0;1.0;0.003754693366708386;1.0;0.0;0.0;1.0;0.0;1.0;0.0;0.0;0.0;0.0;0.0;0.0;1.0
0.4358974358974359;0.6052631578947368;0.0586565752128666;1.0;0.0;1.0;0.07759699624530664;0.0;1.0;0.0;1.0;0.0;0.0;0.0;1.0;0.0;0.0;0.0;1.0;0.0
0.4871794871794872;0.18421052631578946;0.000946073793755913;1.0;0.0;1.0;0.0;0.0;1.0;0.0;0.0;1.0;0.0;0.0;1.0;0.0;0.0;0.0;1.0;0.0
0.24358974358974358;0.02631578947368421;0.000946073793755913;1.0;0.0;1.0;0.0;1.0;0.0;0.0;0.0;1.0;0.0;0.0;1.0;0.0;0.0;0.0;1.0;0.0
0.025641025641025633;0.02631578947368421;0.000946073793755913;1.0;0.0;1.0;0.0012515644555694619;0.0;0.0;1.0;0.0;1.0;0.0;0.0;1.0;0.0;0.0;0.0;1.0;0.0
0.35897435897435903;0.0;0.000946073793755913;0.0;0.0;0.0;0.0012515644555694619;0.0;1.0;0.0;1.0;0.0;1.0;0.0;0.0;0.0;0.0;0.0;1.0;0.0
0.11538461538461539;0.15789473684210525;0.0;1.0;0.0;1.0;0.0;1.0;0.0;0.0;0.0;1.0;1.0;0.0;0.0;0.0;0.0;0.0;1.0;0.0
0.038461538461538464;0.02631578947368421;0.000946073793755913;1.0;0.0;1.0;0.061326658322903634;0.0;0.0;1.0;0.0;1.0;1.0;0.0;0.0;0.0;0.0;0.0;1.0;0.0
0.11538461538461539;0.05263157894736842;0.000946073793755913;0.0;0.0;0.0;0.10387984981226533;1.0;0.0;0.0;0.0;1.0;1.0;0.0;0.0;0.0;0.0;0.0;1.0;0.0
0.10256410256410256;0.3421052631578947;0.0;1.0;0.0;1.0;0.008760951188986232;1.0;0.0;0.0;0.0;1.0;1.0;0.0;0.0;0.0;0.0;0.0;0.0;1.0
0.15384615384615383;0.47368421052631576;0.0;1.0;0.0;1.0;0.0012515644555694619;1.0;0.0;0.0;0.0;1.0;1.0;0.0;0.0;0.0;0.0;0.0;0.0;1.0
0.41025641025641024;0.0;0.000946073793755913;1.0;0.0;1.0;0.0;0.0;1.0;0.0;0.0;1.0;0.0;0.0;0.0;0.0;0.0;1.0;1.0;0.0
0.15384615384615383;0.47368421052631576;0.000946073793755913;1.0;0.0;1.0;0.07634543178973717;1.0;0.0;0.0;0.0;1.0;1.0;0.0;0.0;0.0;0.0;0.0;1.0;0.0
0.2692307692307693;0.13157894736842105;0.046357615894039736;1.0;0.0;1.0;0.03254067584480601;1.0;0.0;0.0;0.0;1.0;1.0;0.0;0.0;0.0;0.0;0.0;1.0;0.0
0.08974358974358973;0.02631578947368421;0.000946073793755913;0.0;0.0;0.0;0.33291614518147683;1.0;0.0;0.0;0.0;1.0;0.0;0.0;0.0;0.0;0.0;1.0;1.0;0.0
0.10256410256410256;0.10526315789473684;0.000946073793755913;1.0;1.0;1.0;0.0012515644555694619;1.0;0.0;0.0;0.0;1.0;1.0;0.0;0.0;0.0;0.0;0.0;0.0;1.0
0.038461538461538464;0.02631578947368421;0.000946073793755913;1.0;0.0;1.0;0.0;0.0;0.0;1.0;0.0;1.0;1.0;0.0;0.0;0.0;0.0;0.0;1.0;0.0
0.3846153846153847;0.0;0.000946073793755913;0.0;0.0;0.0;0.0012515644555694619;0.0;1.0;0.0;0.0;1.0;0.0;0.0;1.0;0.0;0.0;0.0;1.0;0.0
0.19230769230769232;0.0;0.0;1.0;0.0;1.0;0.0;1.0;0.0;0.0;0.0;1.0;0.0;0.0;1.0;0.0;0.0;0.0;0.0;1.0
0.11538461538461539;0.0;0.0;0.0;0.0;0.0;0.0012515644555694619;1.0;0.0;0.0;0.0;1.0;1.0;0.0;0.0;0.0;0.0;0.0;0.0;1.0
0.28205128205128205;0.39473684210526316;0.000946073793755913;1.0;1.0;1.0;0.08135168961201503;1.0;0.0;0.0;1.0;0.0;1.0;0.0;0.0;0.0;0.0;0.0;1.0;0.0
0.14102564102564105;0.02631578947368421;0.000946073793755913;1.0;0.0;1.0;0.0012515644555694619;1.0;0.0;0.0;1.0;0.0;0.0;0.0;0.0;1.0;0.0;0.0;1.0;0.0
0.3205128205128205;0.0;0.0;0.0;0.0;0.0;0.0;1.0;0.0;0.0;1.0;0.0;0.0;0.0;1.0;0.0;0.0;0.0;1.0;0.0
0.025641025641025633;0.0;0.000946073793755913;0.0;0.0;0.0;0.0;0.0;0.0;1.0;1.0;0.0;0.0;0.0;1.0;0.0;0.0;0.0;1.0;0.0
0.28205128205128205;0.2631578947368421;0.000946073793755913;1.0;0.0;1.0;0.0050062578222778474;1.0;0.0;0.0;0.0;1.0;0.0;0.0;1.0;0.0;0.0;0.0;1.0;0.0
0.1794871794871795;0.05263157894736842;0.0;0.0;0.0;0.0;0.0012515644555694619;1.0;0.0;0.0;0.0;1.0;0.0;0.0;1.0;0.0;0.0;0.0;1.0;0.0
0.24358974358974358;0.4473684210526315;0.0;1.0;0.0;1.0;0.0012515644555694619;1.0;0.0;0.0;0.0;1.0;1.0;0.0;0.0;0.0;0.0;0.0;1.0;0.0
0.3846153846153847;0.02631578947368421;0.000946073793755913;1.0;0.0;1.0;0.0012515644555694619;0.0;1.0;0.0;1.0;0.0;0.0;0.0;1.0;0.0;0.0;0.0;0.0;1.0
0.4358974358974359;0.18421052631578946;0.000946073793755913;0.0;0.0;0.0;0.0;0.0;1.0;0.0;0.0;1.0;1.0;0.0;0.0;0.0;0.0;0.0;0.0;1.0
0.01282051282051283;0.02631578947368421;0.000946073793755913;1.0;0.0;1.0;0.04005006257822278;0.0;0.0;1.0;0.0;1.0;0.0;0.0;1.0;0.0;0.0;0.0;1.0;0.0
0.025641025641025633;0.02631578947368421;0.000946073793755913;1.0;1.0;1.0;0.0012515644555694619;0.0;0.0;1.0;0.0;1.0;1.0;0.0;0.0;0.0;0.0;0.0;0.0;1.0
0.038461538461538464;0.0;0.001892147587511826;1.0;0.0;1.0;0.0;0.0;0.0;1.0;0.0;1.0;1.0;0.0;0.0;0.0;0.0;0.0;1.0;0.0
0.051282051282051294;0.02631578947368421;0.0;1.0;0.0;1.0;0.0;0.0;0.0;1.0;0.0;1.0;1.0;0.0;0.0;0.0;0.0;0.0;1.0;0.0
0.07692307692307696;0.02631578947368421;0.021759697256385997;0.0;0.0;0.0;0.0025031289111389237;0.0;0.0;1.0;0.0;1.0;0.0;0.0;1.0;0.0;0.0;0.0;1.0;0.0
0.10256410256410256;0.2631578947368421;0.000946073793755913;1.0;0.0;1.0;0.0025031289111389237;1.0;0.0;0.0;0.0;1.0;1.0;0.0;0.0;0.0;0.0;0.0;1.0;0.0
0.06410256410256412;0.18421052631578946;0.000946073793755913;1.0;1.0;1.0;0.0012515644555694619;0.0;0.0;1.0;0.0;1.0;1.0;0.0;0.0;0.0;0.0;0.0;1.0;0.0
0.19230769230769232;0.3684210526315789;0.000946073793755913;1.0;0.0;1.0;0.0025031289111389237;1.0;0.0;0.0;0.0;1.0;1.0;0.0;0.0;0.0;0.0;0.0;1.0;0.0
0.12820512820512822;0.2894736842105263;0.0;0.0;0.0;0.0;0.0;1.0;0.0;0.0;0.0;1.0;0.0;0.0;0.0;1.0;0.0;0.0;0.0;1.0
0.4487179487179488;0.10526315789473684;0.000946073793755913;0.0;0.0;0.0;0.0;0.0;1.0;0.0;0.0;1.0;0.0;0.0;0.0;1.0;0.0;0.0;1.0;0.0
0.16666666666666666;0.23684210526315788;0.0;1.0;1.0;1.0;0.1451814768460576;1.0;0.0;0.0;0.0;1.0;0.0;0.0;1.0;0.0;0.0;0.0;1.0;0.0
0.4487179487179488;0.39473684210526316;0.000946073793755913;1.0;0.0;1.0;0.10012515644555695;0.0;1.0;0.0;0.0;1.0;1.0;0.0;0.0;0.0;0.0;0.0;1.0;0.0
0.6282051282051282;0.0;0.000946073793755913;0.0;0.0;0.0;0.0;0.0;1.0;0.0;0.0;1.0;0.0;0.0;1.0;0.0;0.0;0.0;0.0;1.0
0.15384615384615383;0.05263157894736842;0.000946073793755913;1.0;1.0;1.0;0.0;1.0;0.0;0.0;0.0;1.0;1.0;0.0;0.0;0.0;0.0;0.0;1.0;0.0
0.15384615384615383;0.07894736842105263;0.21286660359508042;0.0;0.0;0.0;0.08760951188986232;1.0;0.0;0.0;0.0;1.0;0.0;0.0;1.0;0.0;0.0;0.0;1.0;0.0
0.14102564102564105;0.2631578947368421;0.000946073793755913;1.0;0.0;1.0;0.0362953692115144;1.0;0.0;0.0;0.0;1.0;1.0;0.0;0.0;0.0;0.0;0.0;1.0;0.0
0.15384615384615383;0.07894736842105263;0.000946073793755913;0.0;0.0;0.0;0.08135168961201503;1.0;0.0;0.0;0.0;1.0;0.0;0.0;1.0;0.0;0.0;0.0;1.0;0.0
0.07692307692307696;0.02631578947368421;0.21759697256385999;1.0;0.0;1.0;0.26282853566958697;0.0;0.0;1.0;0.0;1.0;1.0;0.0;0.0;0.0;0.0;0.0;1.0;0.0
0.051282051282051294;0.0;0.000946073793755913;1.0;1.0;1.0;0.0;0.0;0.0;1.0;0.0;1.0;1.0;0.0;0.0;0.0;0.0;0.0;0.0;1.0
0.07692307692307696;0.13157894736842105;0.000946073793755913;1.0;0.0;1.0;0.007509386733416772;0.0;0.0;1.0;0.0;1.0;1.0;0.0;0.0;0.0;0.0;0.0;1.0;0.0
0.16666666666666666;0.23684210526315788;0.000946073793755913;1.0;1.0;1.0;0.03379224030037547;1.0;0.0;0.0;0.0;1.0;1.0;0.0;0.0;0.0;0.0;0.0;0.0;1.0
0.08974358974358973;0.13157894736842105;0.000946073793755913;1.0;0.0;1.0;0.0050062578222778474;1.0;0.0;0.0;0.0;1.0;1.0;0.0;0.0;0.0;0.0;0.0;1.0;0.0
0.14102564102564105;0.05263157894736842;0.000946073793755913;0.0;0.0;0.0;0.0012515644555694619;1.0;0.0;0.0;0.0;1.0;1.0;0.0;0.0;0.0;0.0;0.0;1.0;0.0
0.12820512820512822;0.07894736842105263;0.000946073793755913;0.0;0.0;0.0;0.0;1.0;0.0;0.0;0.0;1.0;1.0;0.0;0.0;0.0;0.0;0.0;1.0;0.0
0.16666666666666666;0.18421052631578946;0.020813623462630083;1.0;0.0;1.0;0.003754693366708386;1.0;0.0;0.0;0.0;1.0;1.0;0.0;0.0;0.0;0.0;0.0;1.0;0.0
0.15384615384615383;0.21052631578947367;0.039735099337748346;1.0;1.0;1.0;0.04005006257822278;1.0;0.0;0.0;0.0;1.0;1.0;0.0;0.0;0.0;0.0;0.0;0.0;1.0
0.5;0.0;0.000946073793755913;0.0;0.0;0.0;0.0012515644555694619;0.0;1.0;0.0;0.0;1.0;0.0;0.0;0.0;0.0;0.0;1.0;1.0;0.0
0.2564102564102564;0.18421052631578946;0.000946073793755913;1.0;0.0;1.0;0.0012515644555694619;1.0;0.0;0.0;0.0;1.0;0.0;0.0;0.0;1.0;0.0;0.0;1.0;0.0
0.1794871794871795;0.5263157894736842;0.0;0.0;0.0;0.0;0.0;1.0;0.0;0.0;0.0;1.0;0.0;0.0;0.0;1.0;0.0;0.0;1.0;0.0
0.23076923076923075;0.07894736842105263;0.000946073793755913;1.0;0.0;1.0;0.0012515644555694619;1.0;0.0;0.0;0.0;1.0;1.0;0.0;0.0;0.0;0.0;0.0;1.0;0.0
0.5;0.15789473684210525;0.3500473036896878;1.0;0.0;1.0;0.0951188986232791;0.0;1.0;0.0;0.0;1.0;1.0;0.0;0.0;0.0;0.0;0.0;0.0;1.0
0.20512820512820515;0.2894736842105263;0.000946073793755913;1.0;0.0;1.0;0.0012515644555694619;1.0;0.0;0.0;0.0;1.0;1.0;0.0;0.0;0.0;0.0;0.0;1.0;0.0
0.3717948717948718;0.07894736842105263;0.0;0.0;0.0;0.0;0.07884856070087609;0.0;1.0;0.0;0.0;1.0;0.0;0.0;1.0;0.0;0.0;0.0;0.0;1.0
0.4487179487179488;0.15789473684210525;0.000946073793755913;1.0;0.0;0.0;0.0;0.0;1.0;0.0;0.0;1.0;1.0;0.0;0.0;0.0;0.0;0.0;1.0;0.0
0.14102564102564105;0.2894736842105263;0.002838221381267739;1.0;0.0;1.0;0.0425531914893617;1.0;0.0;0.0;1.0;0.0;0.0;0.0;1.0;0.0;0.0;0.0;1.0;0.0
0.07692307692307696;0.02631578947368421;0.000946073793755913;0.0;0.0;0.0;0.0025031289111389237;0.0;0.0;1.0;0.0;1.0;1.0;0.0;0.0;0.0;0.0;0.0;0.0;1.0
0.3846153846153847;0.47368421052631576;0.04541154210028382;1.0;0.0;1.0;0.1677096370463079;0.0;1.0;0.0;0.0;1.0;0.0;0.0;1.0;0.0;0.0;0.0;1.0;0.0
0.4358974358974359;0.05263157894736842;0.000946073793755913;0.0;0.0;0.0;0.0012515644555694619;0.0;1.0;0.0;0.0;1.0;0.0;0.0;1.0;0.0;0.0;0.0;1.0;0.0
0.051282051282051294;0.02631578947368421;0.01229895931882687;0.0;0.0;0.0;0.05381727158948686;0.0;0.0;1.0;0.0;1.0;1.0;0.0;0.0;0.0;0.0;0.0;1.0;0.0
0.39743589743589747;0.3421052631578947;0.000946073793755913;0.0;0.0;0.0;0.0;0.0;1.0;0.0;0.0;1.0;1.0;0.0;0.0;0.0;0.0;0.0;1.0;0.0
0.16666666666666666;0.23684210526315788;0.000946073793755913;1.0;0.0;1.0;0.0;1.0;0.0;0.0;0.0;1.0;1.0;0.0;0.0;0.0;0.0;0.0;0.0;1.0
0.41025641025641024;0.0;0.000946073793755913;1.0;0.0;1.0;0.0;0.0;1.0;0.0;0.0;1.0;0.0;0.0;1.0;0.0;0.0;0.0;1.0;0.0
0.06410256410256412;0.05263157894736842;0.0;0.0;0.0;0.0;0.29662077596996245;0.0;0.0;1.0;0.0;1.0;1.0;0.0;0.0;0.0;0.0;0.0;1.0;0.0
0.025641025641025633;0.05263157894736842;0.000946073793755913;1.0;1.0;1.0;0.06508135168961202;0.0;0.0;1.0;0.0;1.0;0.0;1.0;0.0;0.0;0.0;0.0;1.0;0.0
0.051282051282051294;0.0;0.000946073793755913;1.0;0.0;1.0;0.0012515644555694619;0.0;0.0;1.0;0.0;1.0;1.0;0.0;0.0;0.0;0.0;0.0;1.0;0.0
0.06410256410256412;0.0;0.000946073793755913;1.0;0.0;1.0;0.0012515644555694619;0.0;0.0;1.0;0.0;1.0;1.0;0.0;0.0;0.0;0.0;0.0;1.0;0.0
0.10256410256410256;0.2894736842105263;0.000946073793755913;1.0;0.0;1.0;0.0012515644555694619;1.0;0.0;0.0;0.0;1.0;1.0;0.0;0.0;0.0;0.0;0.0;1.0;0.0
0.3717948717948718;0.7368421052631579;0.000946073793755913;1.0;0.0;1.0;0.04130162703379224;0.0;1.0;0.0;0.0;1.0;0.0;0.0;1.0;0.0;0.0;0.0;1.0;0.0
0.07692307692307696;0.05263157894736842;0.000946073793755913;1.0;0.0;1.0;0.0012515644555694619;0.0;0.0;1.0;0.0;1.0;1.0;0.0;0.0;0.0;0.0;0.0;1.0;0.0
0.07692307692307696;0.0;0.000946073793755913;0.0;0.0;0.0;0.01877346683354193;0.0;0.0;1.0;0.0;1.0;0.0;0.0;1.0;0.0;0.0;0.0;1.0;0.0
0.038461538461538464;0.0;0.002838221381267739;0.0;0.0;0.0;0.0;0.0;0.0;1.0;0.0;1.0;0.0;0.0;0.0;1.0;0.0;0.0;1.0;0.0
0.42307692307692313;0.13157894736842105;0.0;0.0;0.0;0.0;0.0050062578222778474;0.0;1.0;0.0;0.0;1.0;1.0;0.0;0.0;0.0;0.0;0.0;0.0;1.0
0.24358974358974358;0.07894736842105263;0.000946073793755913;0.0;0.0;0.0;0.03504380475594493;1.0;0.0;0.0;1.0;0.0;1.0;0.0;0.0;0.0;0.0;0.0;1.0;0.0
0.46153846153846156;0.3157894736842105;0.16556291390728478;0.0;0.0;0.0;0.2127659574468085;0.0;1.0;0.0;1.0;0.0;0.0;0.0;1.0;0.0;0.0;0.0;1.0;0.0
0.21794871794871792;0.18421052631578946;0.000946073793755913;0.0;0.0;0.0;0.0012515644555694619;1.0;0.0;0.0;0.0;1.0;1.0;0.0;0.0;0.0;0.0;0.0;1.0;0.0
0.576923076923077;0.0;0.000946073793755913;0.0;0.0;0.0;0.0;0.0;1.0;0.0;1.0;0.0;0.0;0.0;1.0;0.0;0.0;0.0;0.0;1.0
0.10256410256410256;0.02631578947368421;0.000946073793755913;0.0;0.0;0.0;0.0012515644555694619;1.0;0.0;0.0;0.0;1.0;1.0;0.0;0.0;0.0;0.0;0.0;1.0;0.0
0.08974358974358973;0.05263157894736842;0.015137180700094607;1.0;1.0;1.0;0.0;1.0;0.0;0.0;1.0;0.0;0.0;0.0;1.0;0.0;0.0;0.0;1.0;0.0
0.07692307692307696;0.0;0.000946073793755913;0.0;0.0;0.0;0.0;0.0;0.0;1.0;0.0;1.0;1.0;0.0;0.0;0.0;0.0;0.0;1.0;0.0
0.2564102564102564;0.42105263157894735;0.000946073793755913;1.0;1.0;1.0;0.3016270337922403;1.0;0.0;0.0;0.0;1.0;1.0;0.0;0.0;0.0;0.0;0.0;1.0;0.0
0.06410256410256412;0.0;0.000946073793755913;0.0;0.0;0.0;0.03128911138923655;0.0;0.0;1.0;1.0;0.0;1.0;0.0;0.0;0.0;0.0;0.0;1.0;0.0
0.15384615384615383;0.02631578947368421;0.0;0.0;0.0;0.0;0.0;1.0;0.0;0.0;1.0;0.0;0.0;0.0;1.0;0.0;0.0;0.0;1.0;0.0
0.42307692307692313;0.0;0.000946073793755913;0.0;0.0;0.0;0.0012515644555694619;0.0;1.0;0.0;0.0;1.0;0.0;0.0;1.0;0.0;0.0;0.0;1.0;0.0
0.34615384615384615;0.0;0.000946073793755913;0.0;0.0;0.0;0.0;0.0;1.0;0.0;1.0;0.0;1.0;0.0;0.0;0.0;0.0;0.0;1.0;0.0
0.24358974358974358;0.3421052631578947;0.000946073793755913;1.0;0.0;1.0;0.0;1.0;0.0;0.0;0.0;1.0;1.0;0.0;0.0;0.0;0.0;0.0;1.0;0.0
0.025641025641025633;0.0;0.0;0.0;0.0;0.0;0.0;0.0;0.0;1.0;1.0;0.0;1.0;0.0;0.0;0.0;0.0;0.0;1.0;0.0
0.4358974358974359;0.10526315789473684;0.0;0.0;0.0;0.0;0.0012515644555694619;0.0;1.0;0.0;0.0;1.0;1.0;0.0;0.0;0.0;0.0;0.0;0.0;1.0
0.11538461538461539;0.02631578947368421;0.000946073793755913;1.0;0.0;1.0;0.0;1.0;0.0;0.0;1.0;0.0;0.0;0.0;1.0;0.0;0.0;0.0;1.0;0.0
0.10256410256410256;0.13157894736842105;0.000946073793755913;1.0;1.0;1.0;0.007509386733416772;1.0;0.0;0.0;1.0;0.0;1.0;0.0;0.0;0.0;0.0;0.0;1.0;0.0
0.038461538461538464;0.0;0.000946073793755913;1.0;0.0;1.0;0.0;0.0;0.0;1.0;0.0;1.0;0.0;0.0;1.0;0.0;0.0;0.0;1.0;0.0
0.12820512820512822;0.07894736842105263;0.24976348155156103;0.0;0.0;0.0;0.0951188986232791;1.0;0.0;0.0;0.0;1.0;1.0;0.0;0.0;0.0;0.0;0.0;0.0;1.0
0.10256410256410256;0.05263157894736842;0.000946073793755913;0.0;0.0;0.0;0.0;1.0;0.0;0.0;0.0;1.0;1.0;0.0;0.0;0.0;0.0;0.0;1.0;0.0
0.3076923076923077;0.0;0.0;1.0;0.0;1.0;0.0012515644555694619;1.0;0.0;0.0;0.0;1.0;1.0;0.0;0.0;0.0;0.0;0.0;0.0;1.0
0.08974358974358973;0.15789473684210525;0.000946073793755913;1.0;0.0;1.0;0.0012515644555694619;1.0;0.0;0.0;0.0;1.0;0.0;0.0;1.0;0.0;0.0;0.0;0.0;1.0
0.1794871794871795;0.42105263157894735;0.000946073793755913;1.0;0.0;1.0;0.0;1.0;0.0;0.0;0.0;1.0;1.0;0.0;0.0;0.0;0.0;0.0;1.0;0.0
0.06410256410256412;0.05263157894736842;0.0;1.0;0.0;1.0;0.0012515644555694619;0.0;0.0;1.0;0.0;1.0;1.0;0.0;0.0;0.0;0.0;0.0;1.0;0.0
0.20512820512820515;0.3421052631578947;0.08514664143803216;0.0;0.0;0.0;0.04130162703379224;1.0;0.0;0.0;0.0;1.0;0.0;0.0;1.0;0.0;0.0;0.0;1.0;0.0
0.34615384615384615;0.23684210526315788;0.0;1.0;0.0;0.0;0.09386733416770963;0.0;1.0;0.0;1.0;0.0;1.0;0.0;0.0;0.0;0.0;0.0;0.0;1.0
0.07692307692307696;0.0;0.0;0.0;0.0;0.0;0.0;0.0;0.0;1.0;0.0;1.0;1.0;0.0;0.0;0.0;0.0;0.0;1.0;0.0
0.46153846153846156;0.05263157894736842;0.000946073793755913;0.0;0.0;0.0;0.23529411764705882;0.0;1.0;0.0;0.0;1.0;0.0;0.0;0.0;1.0;0.0;0.0;1.0;0.0
0.6153846153846154;0.02631578947368421;0.000946073793755913;0.0;0.0;0.0;0.0;0.0;1.0;0.0;0.0;1.0;0.0;0.0;1.0;0.0;0.0;0.0;1.0;0.0
0.16666666666666666;0.18421052631578946;0.000946073793755913;1.0;0.0;1.0;0.0012515644555694619;1.0;0.0;0.0;0.0;1.0;0.0;0.0;0.0;1.0;0.0;0.0;0.0;1.0
0.051282051282051294;0.0;0.000946073793755913;1.0;0.0;1.0;0.007509386733416772;0.0;0.0;1.0;0.0;1.0;0.0;0.0;0.0;0.0;0.0;1.0;1.0;0.0
0.1794871794871795;0.2894736842105263;0.7615894039735099;1.0;0.0;1.0;0.0012515644555694619;1.0;0.0;0.0;0.0;1.0;1.0;0.0;0.0;0.0;0.0;0.0;1.0;0.0
0.06410256410256412;0.0;0.000946073793755913;0.0;0.0;0.0;0.003754693366708386;0.0;0.0;1.0;0.0;1.0;1.0;0.0;0.0;0.0;0.0;0.0;1.0;0.0
0.34615384615384615;1.0;0.000946073793755913;1.0;1.0;1.0;0.15143929912390489;0.0;1.0;0.0;0.0;1.0;1.0;0.0;0.0;0.0;0.0;0.0;1.0;0.0
0.24358974358974358;0.5789473684210527;0.000946073793755913;1.0;0.0;1.0;0.0012515644555694619;1.0;0.0;0.0;0.0;1.0;1.0;0.0;0.0;0.0;0.0;0.0;0.0;1.0
0.051282051282051294;0.0;0.000946073793755913;1.0;1.0;1.0;0.007509386733416772;0.0;0.0;1.0;0.0;1.0;0.0;0.0;1.0;0.0;0.0;0.0;1.0;0.0
0.08974358974358973;0.0;0.000946073793755913;0.0;0.0;0.0;0.0;1.0;0.0;0.0;0.0;1.0;1.0;0.0;0.0;0.0;0.0;0.0;1.0;0.0
0.24358974358974358;0.3421052631578947;0.000946073793755913;0.0;0.0;0.0;0.0012515644555694619;1.0;0.0;0.0;0.0;1.0;0.0;0.0;1.0;0.0;0.0;0.0;1.0;0.0
0.11538461538461539;0.13157894736842105;0.001892147587511826;1.0;0.0;1.0;0.0012515644555694619;1.0;0.0;0.0;1.0;0.0;0.0;0.0;0.0;0.0;0.0;1.0;1.0;0.0
0.051282051282051294;0.0;0.000946073793755913;0.0;0.0;0.0;0.0;0.0;0.0;1.0;0.0;1.0;0.0;0.0;0.0;1.0;0.0;0.0;0.0;1.0
0.038461538461538464;0.02631578947368421;0.000946073793755913;0.0;0.0;0.0;0.0012515644555694619;0.0;0.0;1.0;0.0;1.0;1.0;0.0;0.0;0.0;0.0;0.0;0.0;1.0
0.08974358974358973;0.05263157894736842;0.09082308420056764;0.0;0.0;0.0;0.07759699624530664;1.0;0.0;0.0;0.0;1.0;1.0;0.0;0.0;0.0;0.0;0.0;1.0;0.0
0.4487179487179488;0.0;0.000946073793755913;0.0;0.0;0.0;0.0;0.0;1.0;0.0;1.0;0.0;0.0;0.0;0.0;1.0;0.0;0.0;0.0;1.0
0.20512820512820515;0.3684210526315789;0.000946073793755913;1.0;0.0;1.0;0.05006257822277847;1.0;0.0;0.0;0.0;1.0;0.0;0.0;0.0;1.0;0.0;0.0;1.0;0.0
0.051282051282051294;0.02631578947368421;0.0;1.0;0.0;1.0;0.12891113892365458;0.0;0.0;1.0;0.0;1.0;1.0;0.0;0.0;0.0;0.0;0.0;1.0;0.0
0.3717948717948718;0.02631578947368421;0.000946073793755913;1.0;1.0;1.0;0.0;0.0;1.0;0.0;0.0;1.0;0.0;0.0;1.0;0.0;0.0;0.0;1.0;0.0
0.038461538461538464;0.02631578947368421;0.000946073793755913;1.0;1.0;1.0;0.006257822277847309;0.0;0.0;1.0;0.0;1.0;1.0;0.0;0.0;0.0;0.0;0.0;1.0;0.0
0.41025641025641024;0.6842105263157894;0.08703878902554399;1.0;0.0;1.0;0.0012515644555694619;0.0;1.0;0.0;0.0;1.0;0.0;0.0;1.0;0.0;0.0;0.0;1.0;0.0
0.14102564102564105;0.0;0.0;0.0;0.0;0.0;0.0;1.0;0.0;0.0;0.0;1.0;1.0;0.0;0.0;0.0;0.0;0.0;1.0;0.0
0.12820512820512822;0.23684210526315788;0.10596026490066225;0.0;0.0;0.0;0.1451814768460576;1.0;0.0;0.0;0.0;1.0;0.0;0.0;1.0;0.0;0.0;0.0;0.0;1.0
0.06410256410256412;0.0;0.0;0.0;0.0;0.0;0.0;0.0;0.0;1.0;0.0;1.0;1.0;0.0;0.0;0.0;0.0;0.0;1.0;0.0
0.2692307692307693;0.02631578947368421;0.000946073793755913;1.0;0.0;1.0;0.012515644555694618;1.0;0.0;0.0;1.0;0.0;0.0;0.0;1.0;0.0;0.0;0.0;0.0;1.0
0.21794871794871792;0.02631578947368421;0.0;0.0;0.0;0.0;0.0012515644555694619;1.0;0.0;0.0;0.0;1.0;1.0;0.0;0.0;0.0;0.0;0.0;0.0;1.0
0.10256410256410256;0.02631578947368421;0.033112582781456956;0.0;0.0;0.0;0.05506883604505632;1.0;0.0;0.0;1.0;0.0;1.0;0.0;0.0;0.0;0.0;0.0;1.0;0.0
0.5641025641025641;0.0;0.000946073793755913;0.0;0.0;0.0;0.0;0.0;1.0;0.0;0.0;1.0;0.0;0.0;1.0;0.0;0.0;0.0;1.0;0.0
0.23076923076923075;0.10526315789473684;0.0804162724692526;1.0;1.0;1.0;0.01376720901126408;1.0;0.0;0.0;0.0;1.0;0.0;0.0;1.0;0.0;0.0;0.0;0.0;1.0
0.5512820512820513;0.13157894736842105;0.01229895931882687;0.0;0.0;0.0;0.015018773466833543;0.0;1.0;0.0;0.0;1.0;1.0;0.0;0.0;0.0;0.0;0.0;1.0;0.0
0.35897435897435903;0.13157894736842105;0.0;1.0;0.0;1.0;0.0025031289111389237;0.0;1.0;0.0;0.0;1.0;1.0;0.0;0.0;0.0;0.0;0.0;1.0;0.0
0.10256410256410256;0.23684210526315788;0.000946073793755913;1.0;1.0;1.0;0.0025031289111389237;1.0;0.0;0.0;0.0;1.0;1.0;0.0;0.0;0.0;0.0;0.0;1.0;0.0
0.12820512820512822;0.05263157894736842;0.03405865657521287;0.0;0.0;0.0;0.04380475594493116;1.0;0.0;0.0;1.0;0.0;0.0;0.0;1.0;0.0;0.0;0.0;1.0;0.0
0.11538461538461539;0.13157894736842105;0.000946073793755913;0.0;0.0;0.0;0.0;1.0;0.0;0.0;0.0;1.0;0.0;0.0;1.0;0.0;0.0;0.0;1.0;0.0
0.4487179487179488;0.02631578947368421;0.26773888363292336;0.0;0.0;0.0;0.04005006257822278;0.0;1.0;0.0;0.0;1.0;0.0;0.0;1.0;0.0;0.0;0.0;1.0;0.0
0.051282051282051294;0.0;0.000946073793755913;0.0;0.0;0.0;0.0012515644555694619;0.0;0.0;1.0;0.0;1.0;1.0;0.0;0.0;0.0;0.0;0.0;1.0;0.0
0.47435897435897434;0.0;0.000946073793755913;0.0;0.0;0.0;0.0012515644555694619;0.0;1.0;0.0;1.0;0.0;0.0;0.0;1.0;0.0;0.0;0.0;1.0;0.0
0.2564102564102564;0.0;0.000946073793755913;0.0;0.0;0.0;0.0;1.0;0.0;0.0;0.0;1.0;0.0;0.0;1.0;0.0;0.0;0.0;0.0;1.0
0.24358974358974358;0.0;0.0;0.0;0.0;0.0;0.0;1.0;0.0;0.0;1.0;0.0;0.0;0.0;1.0;0.0;0.0;0.0;0.0;1.0
0.16666666666666666;0.0;0.000946073793755913;0.0;0.0;0.0;0.0;1.0;0.0;0.0;0.0;1.0;1.0;0.0;0.0;0.0;0.0;0.0;1.0;0.0
0.06410256410256412;0.0;0.000946073793755913;1.0;0.0;0.0;0.0;0.0;0.0;1.0;1.0;0.0;1.0;0.0;0.0;0.0;0.0;0.0;1.0;0.0
0.051282051282051294;0.02631578947368421;0.000946073793755913;0.0;0.0;0.0;0.0;0.0;0.0;1.0;0.0;1.0;0.0;0.0;0.0;0.0;0.0;1.0;1.0;0.0
0.10256410256410256;0.13157894736842105;0.000946073793755913;1.0;0.0;1.0;0.0012515644555694619;1.0;0.0;0.0;0.0;1.0;0.0;0.0;1.0;0.0;0.0;0.0;1.0;0.0
0.16666666666666666;0.10526315789473684;0.000946073793755913;1.0;0.0;1.0;0.006257822277847309;1.0;0.0;0.0;0.0;1.0;0.0;0.0;1.0;0.0;0.0;0.0;1.0;0.0
0.051282051282051294;0.0;0.000946073793755913;1.0;0.0;1.0;0.0;0.0;0.0;1.0;0.0;1.0;1.0;0.0;0.0;0.0;0.0;0.0;0.0;1.0
0.12820512820512822;0.18421052631578946;0.000946073793755913;1.0;0.0;1.0;0.0;1.0;0.0;0.0;0.0;1.0;1.0;0.0;0.0;0.0;0.0;0.0;1.0;0.0
0.12820512820512822;0.0;0.000946073793755913;0.0;0.0;0.0;0.0025031289111389237;1.0;0.0;0.0;1.0;0.0;0.0;0.0;0.0;1.0;0.0;0.0;1.0;0.0
0.4358974358974359;0.15789473684210525;0.0;0.0;0.0;0.0;0.04130162703379224;0.0;1.0;0.0;1.0;0.0;0.0;0.0;1.0;0.0;0.0;0.0;0.0;1.0
0.10256410256410256;0.10526315789473684;0.0;1.0;0.0;1.0;0.3667083854818523;1.0;0.0;0.0;0.0;1.0;0.0;0.0;1.0;0.0;0.0;0.0;0.0;1.0
0.35897435897435903;0.0;0.000946073793755913;0.0;0.0;0.0;0.0;0.0;1.0;0.0;0.0;1.0;0.0;0.0;0.0;1.0;0.0;0.0;0.0;1.0
0.10256410256410256;0.05263157894736842;0.000946073793755913;0.0;0.0;0.0;0.003754693366708386;1.0;0.0;0.0;0.0;1.0;0.0;0.0;1.0;0.0;0.0;0.0;1.0;0.0
0.3717948717948718;0.39473684210526316;0.056764427625354774;0.0;0.0;0.0;0.07509386733416772;0.0;1.0;0.0;0.0;1.0;1.0;0.0;0.0;0.0;0.0;0.0;1.0;0.0
0.06410256410256412;0.10526315789473684;0.02554399243140965;0.0;0.0;0.0;0.03379224030037547;0.0;0.0;1.0;0.0;1.0;0.0;0.0;0.0;1.0;0.0;0.0;1.0;0.0
0.12820512820512822;0.23684210526315788;0.007568590350047304;1.0;0.0;1.0;0.010012515644555695;1.0;0.0;0.0;0.0;1.0;0.0;0.0;1.0;0.0;0.0;0.0;1.0;0.0
0.038461538461538464;0.0;0.000946073793755913;1.0;0.0;1.0;0.0025031289111389237;0.0;0.0;1.0;1.0;0.0;0.0;0.0;1.0;0.0;0.0;0.0;0.0;1.0
0.41025641025641024;0.0;0.000946073793755913;0.0;0.0;0.0;0.0025031289111389237;0.0;1.0;0.0;0.0;1.0;1.0;0.0;0.0;0.0;0.0;0.0;1.0;0.0
0.11538461538461539;0.23684210526315788;0.000946073793755913;1.0;1.0;1.0;0.0;1.0;0.0;0.0;0.0;1.0;1.0;0.0;0.0;0.0;0.0;0.0;1.0;0.0
0.038461538461538464;0.07894736842105263;0.000946073793755913;1.0;0.0;1.0;0.0050062578222778474;0.0;0.0;1.0;0.0;1.0;1.0;0.0;0.0;0.0;0.0;0.0;1.0;0.0
0.08974358974358973;0.05263157894736842;0.0;0.0;0.0;0.0;0.015018773466833543;1.0;0.0;0.0;0.0;1.0;0.0;0.0;1.0;0.0;0.0;0.0;0.0;1.0
0.07692307692307696;0.05263157894736842;0.0;1.0;0.0;1.0;0.061326658322903634;0.0;0.0;1.0;0.0;1.0;1.0;0.0;0.0;0.0;0.0;0.0;0.0;1.0
0.1794871794871795;0.5;0.000946073793755913;1.0;0.0;1.0;0.0012515644555694619;1.0;0.0;0.0;0.0;1.0;1.0;0.0;0.0;0.0;0.0;0.0;1.0;0.0
0.20512820512820515;0.10526315789473684;0.14380321665089876;1.0;0.0;1.0;0.1214017521902378;1.0;0.0;0.0;1.0;0.0;0.0;0.0;0.0;0.0;1.0;0.0;1.0;0.0
0.24358974358974358;0.0;0.002838221381267739;0.0;0.0;0.0;0.0;1.0;0.0;0.0;1.0;0.0;1.0;0.0;0.0;0.0;0.0;0.0;1.0;0.0
0.07692307692307696;0.02631578947368421;0.002838221381267739;0.0;0.0;0.0;0.003754693366708386;0.0;0.0;1.0;1.0;0.0;0.0;0.0;1.0;0.0;0.0;0.0;1.0;0.0
0.24358974358974358;0.18421052631578946;0.000946073793755913;1.0;0.0;1.0;0.08635794743429287;1.0;0.0;0.0;0.0;1.0;0.0;0.0;1.0;0.0;0.0;0.0;1.0;0.0
0.10256410256410256;0.23684210526315788;0.0;1.0;0.0;1.0;0.0;1.0;0.0;0.0;0.0;1.0;0.0;0.0;0.0;1.0;0.0;0.0;1.0;0.0
0.33333333333333337;0.42105263157894735;0.000946073793755913;0.0;0.0;0.0;0.10137672090112641;1.0;0.0;0.0;0.0;1.0;0.0;0.0;1.0;0.0;0.0;0.0;0.0;1.0
0.051282051282051294;0.0;0.000946073793755913;0.0;0.0;0.0;0.0;0.0;0.0;1.0;0.0;1.0;1.0;0.0;0.0;0.0;0.0;0.0;1.0;0.0
0.10256410256410256;0.10526315789473684;0.000946073793755913;1.0;0.0;0.0;0.0;1.0;0.0;0.0;0.0;1.0;1.0;0.0;0.0;0.0;0.0;0.0;1.0;0.0
0.42307692307692313;0.02631578947368421;0.01608325449385052;0.0;0.0;0.0;0.008760951188986232;0.0;1.0;0.0;0.0;1.0;1.0;0.0;0.0;0.0;0.0;0.0;1.0;0.0
0.038461538461538464;0.02631578947368421;0.0;1.0;0.0;1.0;0.07384230287859825;0.0;0.0;1.0;0.0;1.0;1.0;0.0;0.0;0.0;0.0;0.0;1.0;0.0
0.12820512820512822;0.07894736842105263;0.000946073793755913;0.0;0.0;0.0;0.0;1.0;0.0;0.0;0.0;1.0;0.0;0.0;0.0;0.0;0.0;1.0;1.0;0.0
0.23076923076923075;0.39473684210526316;0.000946073793755913;0.0;0.0;0.0;0.0012515644555694619;1.0;0.0;0.0;0.0;1.0;1.0;0.0;0.0;0.0;0.0;0.0;1.0;0.0
0.16666666666666666;0.02631578947368421;0.336802270577105;1.0;0.0;1.0;0.0;1.0;0.0;0.0;0.0;1.0;0.0;0.0;1.0;0.0;0.0;0.0;0.0;1.0
0.15384615384615383;0.3421052631578947;0.0;1.0;0.0;1.0;0.0025031289111389237;1.0;0.0;0.0;0.0;1.0;1.0;0.0;0.0;0.0;0.0;0.0;1.0;0.0
0.21794871794871792;0.02631578947368421;0.000946073793755913;1.0;0.0;1.0;0.0;1.0;0.0;0.0;0.0;1.0;1.0;0.0;0.0;0.0;0.0;0.0;1.0;0.0
0.5256410256410257;0.02631578947368421;0.000946073793755913;0.0;0.0;0.0;0.07759699624530664;0.0;1.0;0.0;0.0;1.0;1.0;0.0;0.0;0.0;0.0;0.0;0.0;1.0
0.07692307692307696;0.0;0.0;0.0;0.0;0.0;0.0;0.0;0.0;1.0;0.0;1.0;0.0;0.0;1.0;0.0;0.0;0.0;1.0;0.0
0.35897435897435903;0.0;0.000946073793755913;1.0;0.0;1.0;0.0;0.0;1.0;0.0;0.0;1.0;0.0;0.0;0.0;0.0;0.0;1.0;1.0;0.0
0.1794871794871795;0.23684210526315788;0.000946073793755913;1.0;0.0;0.0;0.13892365456821026;1.0;0.0;0.0;0.0;1.0;1.0;0.0;0.0;0.0;0.0;0.0;1.0;0.0
0.16666666666666666;0.07894736842105263;0.000946073793755913;1.0;1.0;1.0;0.0012515644555694619;1.0;0.0;0.0;0.0;1.0;0.0;0.0;1.0;0.0;0.0;0.0;0.0;1.0
0.3846153846153847;0.02631578947368421;0.019867549668874173;0.0;0.0;0.0;0.0262828535669587;0.0;1.0;0.0;0.0;1.0;0.0;0.0;0.0;0.0;0.0;1.0;1.0;0.0
0.42307692307692313;0.18421052631578946;0.033112582781456956;0.0;0.0;0.0;0.0;0.0;1.0;0.0;0.0;1.0;0.0;0.0;1.0;0.0;0.0;0.0;1.0;0.0
0.038461538461538464;0.05263157894736842;0.000946073793755913;0.0;0.0;0.0;0.04505632040050063;0.0;0.0;1.0;0.0;1.0;1.0;0.0;0.0;0.0;0.0;0.0;1.0;0.0
0.2564102564102564;0.0;0.000946073793755913;0.0;0.0;0.0;0.0;1.0;0.0;0.0;0.0;1.0;0.0;0.0;1.0;0.0;0.0;0.0;1.0;0.0
0.16666666666666666;0.2894736842105263;0.0;1.0;1.0;1.0;0.0012515644555694619;1.0;0.0;0.0;0.0;1.0;1.0;0.0;0.0;0.0;0.0;0.0;1.0;0.0
0.051282051282051294;0.0;0.0;1.0;0.0;1.0;0.011264080100125157;0.0;0.0;1.0;0.0;1.0;0.0;0.0;1.0;0.0;0.0;0.0;0.0;1.0
0.12820512820512822;0.0;0.000946073793755913;0.0;0.0;0.0;0.0;1.0;0.0;0.0;0.0;1.0;0.0;0.0;1.0;0.0;0.0;0.0;1.0;0.0
0.4871794871794872;0.15789473684210525;0.000946073793755913;0.0;0.0;0.0;0.0;0.0;1.0;0.0;0.0;1.0;0.0;0.0;1.0;0.0;0.0;0.0;1.0;0.0
0.5256410256410257;0.0;0.000946073793755913;0.0;0.0;0.0;0.0;0.0;1.0;0.0;0.0;1.0;0.0;0.0;1.0;0.0;0.0;0.0;0.0;1.0
0.11538461538461539;0.02631578947368421;0.000946073793755913;0.0;0.0;0.0;0.0;1.0;0.0;0.0;0.0;1.0;1.0;0.0;0.0;0.0;0.0;0.0;0.0;1.0
0.47435897435897434;0.0;0.002838221381267739;0.0;0.0;0.0;0.0;0.0;1.0;0.0;1.0;0.0;0.0;0.0;1.0;0.0;0.0;0.0;0.0;1.0
0.025641025641025633;0.05263157894736842;0.008514664143803218;1.0;0.0;1.0;0.2403003754693367;0.0;0.0;1.0;0.0;1.0;0.0;0.0;0.0;1.0;0.0;0.0;1.0;0.0
0.2564102564102564;0.39473684210526316;0.000946073793755913;0.0;0.0;0.0;0.0012515644555694619;1.0;0.0;0.0;0.0;1.0;1.0;0.0;0.0;0.0;0.0;0.0;1.0;0.0
0.34615384615384615;0.02631578947368421;0.06622516556291391;0.0;0.0;0.0;0.07759699624530664;0.0;1.0;0.0;0.0;1.0;1.0;0.0;0.0;0.0;0.0;0.0;1.0;0.0
0.2564102564102564;0.0;0.000946073793755913;1.0;0.0;1.0;0.0;1.0;0.0;0.0;0.0;1.0;1.0;0.0;0.0;0.0;0.0;0.0;1.0;0.0
0.4358974358974359;0.0;0.000946073793755913;0.0;0.0;0.0;0.0;0.0;1.0;0.0;0.0;1.0;0.0;0.0;1.0;0.0;0.0;0.0;1.0;0.0
0.12820512820512822;0.23684210526315788;0.011352885525070956;1.0;1.0;1.0;0.015018773466833543;1.0;0.0;0.0;1.0;0.0;1.0;0.0;0.0;0.0;0.0;0.0;0.0;1.0
0.11538461538461539;0.15789473684210525;0.0;1.0;0.0;1.0;0.0012515644555694619;1.0;0.0;0.0;0.0;1.0;1.0;0.0;0.0;0.0;0.0;0.0;1.0;0.0
0.47435897435897434;0.18421052631578946;0.0;0.0;0.0;0.0;0.0;0.0;1.0;0.0;0.0;1.0;0.0;0.0;1.0;0.0;0.0;0.0;1.0;0.0
0.06410256410256412;0.0;0.000946073793755913;1.0;0.0;1.0;0.0;0.0;0.0;1.0;1.0;0.0;1.0;0.0;0.0;0.0;0.0;0.0;0.0;1.0
0.576923076923077;0.5789473684210527;0.25733207190160834;1.0;0.0;1.0;0.011264080100125157;0.0;1.0;0.0;0.0;1.0;1.0;0.0;0.0;0.0;0.0;0.0;0.0;1.0
0.08974358974358973;0.21052631578947367;0.000946073793755913;1.0;1.0;1.0;0.0012515644555694619;1.0;0.0;0.0;0.0;1.0;1.0;0.0;0.0;0.0;0.0;0.0;0.0;1.0
0.16666666666666666;0.13157894736842105;0.000946073793755913;0.0;0.0;0.0;0.007509386733416772;1.0;0.0;0.0;0.0;1.0;1.0;0.0;0.0;0.0;0.0;0.0;1.0;0.0
0.10256410256410256;0.18421052631578946;0.000946073793755913;1.0;0.0;1.0;0.0025031289111389237;1.0;0.0;0.0;0.0;1.0;1.0;0.0;0.0;0.0;0.0;0.0;1.0;0.0
0.15384615384615383;0.13157894736842105;0.000946073793755913;1.0;0.0;0.0;0.0012515644555694619;1.0;0.0;0.0;0.0;1.0;1.0;0.0;0.0;0.0;0.0;0.0;0.0;1.0
0.6153846153846154;0.0;0.000946073793755913;0.0;0.0;0.0;0.0012515644555694619;0.0;1.0;0.0;0.0;1.0;0.0;0.0;0.0;0.0;0.0;1.0;0.0;1.0
0.23076923076923075;0.0;0.000946073793755913;0.0;0.0;0.0;0.0;1.0;0.0;0.0;0.0;1.0;0.0;0.0;1.0;0.0;0.0;0.0;0.0;1.0
0.1794871794871795;0.15789473684210525;0.0;0.0;0.0;0.0;0.0;1.0;0.0;0.0;0.0;1.0;0.0;0.0;1.0;0.0;0.0;0.0;0.0;1.0
0.10256410256410256;0.3421052631578947;0.0293282876064333;1.0;0.0;0.0;0.01376720901126408;1.0;0.0;0.0;0.0;1.0;1.0;0.0;0.0;0.0;0.0;0.0;0.0;1.0
0.051282051282051294;0.07894736842105263;0.04730368968779565;1.0;0.0;1.0;0.0012515644555694619;0.0;0.0;1.0;0.0;1.0;1.0;0.0;0.0;0.0;0.0;0.0;1.0;0.0
0.14102564102564105;0.0;0.000946073793755913;0.0;0.0;0.0;0.0012515644555694619;1.0;0.0;0.0;0.0;1.0;0.0;0.0;0.0;1.0;0.0;0.0;0.0;1.0
0.20512820512820515;0.21052631578947367;0.09839167455061495;0.0;0.0;0.0;0.08635794743429287;1.0;0.0;0.0;0.0;1.0;0.0;0.0;1.0;0.0;0.0;0.0;1.0;0.0
0.08974358974358973;0.05263157894736842;0.0;0.0;0.0;0.0;0.0012515644555694619;1.0;0.0;0.0;0.0;1.0;0.0;0.0;1.0;0.0;0.0;0.0;0.0;1.0
0.038461538461538464;0.05263157894736842;0.000946073793755913;1.0;0.0;1.0;0.09637046307884857;0.0;0.0;1.0;0.0;1.0;0.0;0.0;1.0;0.0;0.0;0.0;1.0;0.0
0.21794871794871792;0.07894736842105263;0.0;1.0;0.0;1.0;0.0;1.0;0.0;0.0;0.0;1.0;0.0;0.0;1.0;0.0;0.0;0.0;0.0;1.0
0.4358974358974359;0.42105263157894735;0.000946073793755913;1.0;1.0;1.0;0.0;0.0;1.0;0.0;0.0;1.0;1.0;0.0;0.0;0.0;0.0;0.0;1.0;0.0
0.12820512820512822;0.0;0.0;1.0;0.0;1.0;0.0;1.0;0.0;0.0;0.0;1.0;1.0;0.0;0.0;0.0;0.0;0.0;0.0;1.0
0.42307692307692313;0.0;0.000946073793755913;0.0;0.0;0.0;0.0012515644555694619;0.0;1.0;0.0;0.0;1.0;0.0;0.0;0.0;1.0;0.0;0.0;0.0;1.0
0.11538461538461539;0.13157894736842105;0.0;0.0;0.0;0.0;0.0012515644555694619;1.0;0.0;0.0;0.0;1.0;0.0;0.0;1.0;0.0;0.0;0.0;0.0;1.0
0.14102564102564105;0.4473684210526315;0.000946073793755913;1.0;0.0;1.0;0.0012515644555694619;1.0;0.0;0.0;0.0;1.0;1.0;0.0;0.0;0.0;0.0;0.0;1.0;0.0
0.07692307692307696;0.02631578947368421;0.0;1.0;0.0;1.0;0.0;0.0;0.0;1.0;0.0;1.0;1.0;0.0;0.0;0.0;0.0;0.0;1.0;0.0
0.051282051282051294;0.13157894736842105;0.000946073793755913;1.0;0.0;1.0;0.0;0.0;0.0;1.0;0.0;1.0;0.0;0.0;1.0;0.0;0.0;0.0;0.0;1.0
0.11538461538461539;0.02631578947368421;0.000946073793755913;1.0;0.0;1.0;0.02002503128911139;1.0;0.0;0.0;1.0;0.0;1.0;0.0;0.0;0.0;0.0;0.0;0.0;1.0
0.19230769230769232;0.05263157894736842;0.000946073793755913;1.0;0.0;1.0;0.03504380475594493;1.0;0.0;0.0;0.0;1.0;1.0;0.0;0.0;0.0;0.0;0.0;1.0;0.0
0.12820512820512822;0.23684210526315788;0.000946073793755913;1.0;0.0;1.0;0.0012515644555694619;1.0;0.0;0.0;0.0;1.0;1.0;0.0;0.0;0.0;0.0;0.0;1.0;0.0
0.2564102564102564;0.0;0.000946073793755913;1.0;0.0;1.0;0.937421777221527;1.0;0.0;0.0;0.0;1.0;1.0;0.0;0.0;0.0;0.0;0.0;0.0;1.0
0.4487179487179488;0.0;0.000946073793755913;0.0;0.0;0.0;0.0;0.0;1.0;0.0;0.0;1.0;0.0;0.0;1.0;0.0;0.0;0.0;0.0;1.0
0.038461538461538464;0.05263157894736842;0.00946073793755913;0.0;0.0;0.0;0.0;0.0;0.0;1.0;0.0;1.0;0.0;0.0;1.0;0.0;0.0;0.0;1.0;0.0
0.10256410256410256;0.02631578947368421;0.001892147587511826;0.0;0.0;0.0;0.0012515644555694619;1.0;0.0;0.0;0.0;1.0;0.0;0.0;0.0;1.0;0.0;0.0;0.0;1.0
0.15384615384615383;0.05263157894736842;0.000946073793755913;1.0;0.0;1.0;0.05381727158948686;1.0;0.0;0.0;1.0;0.0;0.0;0.0;1.0;0.0;0.0;0.0;1.0;0.0
0.08974358974358973;0.2631578947368421;0.000946073793755913;1.0;0.0;1.0;0.008760951188986232;1.0;0.0;0.0;0.0;1.0;0.0;0.0;0.0;1.0;0.0;0.0;1.0;0.0
0.5384615384615384;0.0;0.000946073793755913;0.0;0.0;0.0;0.2728410513141427;0.0;1.0;0.0;0.0;1.0;1.0;0.0;0.0;0.0;0.0;0.0;1.0;0.0
0.39743589743589747;0.02631578947368421;0.000946073793755913;0.0;0.0;0.0;0.0;0.0;1.0;0.0;1.0;0.0;1.0;0.0;0.0;0.0;0.0;0.0;1.0;0.0
0.038461538461538464;0.02631578947368421;0.010406811731315042;0.0;0.0;0.0;0.01376720901126408;0.0;0.0;1.0;0.0;1.0;0.0;0.0;1.0;0.0;0.0;0.0;1.0;0.0
0.19230769230769232;0.0;0.000946073793755913;0.0;0.0;0.0;0.0012515644555694619;1.0;0.0;0.0;1.0;0.0;0.0;0.0;1.0;0.0;0.0;0.0;1.0;0.0
0.34615384615384615;0.02631578947368421;0.003784295175023652;0.0;0.0;0.0;0.0025031289111389237;0.0;1.0;0.0;1.0;0.0;1.0;0.0;0.0;0.0;0.0;0.0;1.0;0.0
0.14102564102564105;0.07894736842105263;0.000946073793755913;0.0;0.0;0.0;0.22152690863579474;1.0;0.0;0.0;0.0;1.0;0.0;0.0;0.0;0.0;0.0;1.0;1.0;0.0
0.3076923076923077;0.10526315789473684;0.00946073793755913;1.0;0.0;1.0;0.0050062578222778474;1.0;0.0;0.0;1.0;0.0;0.0;0.0;1.0;0.0;0.0;0.0;1.0;0.0
0.24358974358974358;0.0;0.0;0.0;0.0;0.0;0.0;1.0;0.0;0.0;0.0;1.0;0.0;0.0;1.0;0.0;0.0;0.0;1.0;0.0
0.19230769230769232;0.02631578947368421;0.000946073793755913;1.0;0.0;1.0;0.0012515644555694619;1.0;0.0;0.0;0.0;1.0;1.0;0.0;0.0;0.0;0.0;0.0;0.0;1.0
0.11538461538461539;0.10526315789473684;0.000946073793755913;1.0;1.0;1.0;0.0625782227784731;1.0;0.0;0.0;0.0;1.0;1.0;0.0;0.0;0.0;0.0;0.0;1.0;0.0
0.15384615384615383;0.02631578947368421;0.0;0.0;0.0;0.0;0.08760951188986232;1.0;0.0;0.0;0.0;1.0;1.0;0.0;0.0;0.0;0.0;0.0;1.0;0.0
0.3717948717948718;0.07894736842105263;0.000946073793755913;0.0;0.0;0.0;0.0025031289111389237;0.0;1.0;0.0;0.0;1.0;0.0;0.0;1.0;0.0;0.0;0.0;1.0;0.0
0.576923076923077;0.07894736842105263;0.000946073793755913;0.0;0.0;0.0;0.2753441802252816;0.0;1.0;0.0;0.0;1.0;1.0;0.0;0.0;0.0;0.0;0.0;0.0;1.0
0.12820512820512822;0.23684210526315788;0.000946073793755913;1.0;0.0;1.0;0.05381727158948686;1.0;0.0;0.0;0.0;1.0;1.0;0.0;0.0;0.0;0.0;0.0;1.0;0.0
0.20512820512820515;0.02631578947368421;0.013245033112582781;0.0;0.0;0.0;0.0012515644555694619;1.0;0.0;0.0;0.0;1.0;0.0;0.0;1.0;0.0;0.0;0.0;0.0;1.0
0.06410256410256412;0.02631578947368421;0.000946073793755913;0.0;0.0;0.0;0.0;0.0;0.0;1.0;0.0;1.0;1.0;0.0;0.0;0.0;0.0;0.0;1.0;0.0
0.1794871794871795;0.02631578947368421;0.000946073793755913;0.0;0.0;0.0;0.1439299123904881;1.0;0.0;0.0;0.0;1.0;1.0;0.0;0.0;0.0;0.0;0.0;0.0;1.0
0.24358974358974358;0.18421052631578946;0.000946073793755913;0.0;0.0;0.0;0.0012515644555694619;1.0;0.0;0.0;0.0;1.0;1.0;0.0;0.0;0.0;0.0;0.0;1.0;0.0
0.038461538461538464;0.0;0.000946073793755913;0.0;0.0;0.0;0.006257822277847309;0.0;0.0;1.0;0.0;1.0;1.0;0.0;0.0;0.0;0.0;0.0;1.0;0.0
0.07692307692307696;0.0;0.000946073793755913;0.0;0.0;0.0;0.0012515644555694619;0.0;0.0;1.0;0.0;1.0;0.0;0.0;1.0;0.0;0.0;0.0;1.0;0.0
0.051282051282051294;0.0;0.000946073793755913;1.0;1.0;1.0;0.0625782227784731;0.0;0.0;1.0;0.0;1.0;1.0;0.0;0.0;0.0;0.0;0.0;1.0;0.0
0.07692307692307696;0.15789473684210525;0.000946073793755913;0.0;0.0;0.0;0.3879849812265332;0.0;0.0;1.0;1.0;0.0;1.0;0.0;0.0;0.0;0.0;0.0;0.0;1.0
0.038461538461538464;0.07894736842105263;0.5099337748344371;1.0;1.0;0.0;0.07384230287859825;0.0;0.0;1.0;1.0;0.0;1.0;0.0;0.0;0.0;0.0;0.0;1.0;0.0
0.12820512820512822;0.0;0.000946073793755913;0.0;0.0;0.0;0.0;1.0;0.0;0.0;0.0;1.0;1.0;0.0;0.0;0.0;0.0;0.0;1.0;0.0
0.15384615384615383;0.10526315789473684;0.000946073793755913;1.0;1.0;1.0;0.0;1.0;0.0;0.0;0.0;1.0;0.0;0.0;0.0;0.0;0.0;1.0;0.0;1.0
0.16666666666666666;0.21052631578947367;0.000946073793755913;1.0;1.0;1.0;0.003754693366708386;1.0;0.0;0.0;0.0;1.0;1.0;0.0;0.0;0.0;0.0;0.0;0.0;1.0
0.10256410256410256;0.02631578947368421;0.000946073793755913;1.0;0.0;1.0;0.0;1.0;0.0;0.0;0.0;1.0;0.0;0.0;1.0;0.0;0.0;0.0;1.0;0.0
0.2692307692307693;0.5;0.000946073793755913;1.0;0.0;1.0;0.22403003754693368;1.0;0.0;0.0;0.0;1.0;1.0;0.0;0.0;0.0;0.0;0.0;1.0;0.0
0.5;0.02631578947368421;0.003784295175023652;1.0;0.0;1.0;0.0012515644555694619;0.0;1.0;0.0;1.0;0.0;0.0;0.0;1.0;0.0;0.0;0.0;1.0;0.0
0.12820512820512822;0.05263157894736842;0.000946073793755913;0.0;0.0;0.0;0.003754693366708386;1.0;0.0;0.0;0.0;1.0;0.0;0.0;0.0;1.0;0.0;0.0;1.0;0.0
0.15384615384615383;0.13157894736842105;0.000946073793755913;1.0;1.0;1.0;0.0012515644555694619;1.0;0.0;0.0;0.0;1.0;1.0;0.0;0.0;0.0;0.0;0.0;1.0;0.0
0.3205128205128205;0.13157894736842105;0.000946073793755913;0.0;0.0;0.0;0.0;1.0;0.0;0.0;0.0;1.0;1.0;0.0;0.0;0.0;0.0;0.0;1.0;0.0
0.051282051282051294;0.02631578947368421;0.0;1.0;1.0;1.0;0.04755944931163955;0.0;0.0;1.0;0.0;1.0;1.0;0.0;0.0;0.0;0.0;0.0;1.0;0.0
0.20512820512820515;0.0;0.000946073793755913;0.0;0.0;0.0;0.0;1.0;0.0;0.0;0.0;1.0;0.0;0.0;1.0;0.0;0.0;0.0;0.0;1.0
0.06410256410256412;0.05263157894736842;0.12961210974456008;1.0;0.0;1.0;0.0;0.0;0.0;1.0;0.0;1.0;1.0;0.0;0.0;0.0;0.0;0.0;0.0;1.0
0.20512820512820515;0.2631578947368421;0.000946073793755913;0.0;0.0;0.0;0.0012515644555694619;1.0;0.0;0.0;0.0;1.0;1.0;0.0;0.0;0.0;0.0;0.0;1.0;0.0
0.21794871794871792;0.13157894736842105;0.000946073793755913;0.0;0.0;0.0;0.0;1.0;0.0;0.0;0.0;1.0;0.0;0.0;0.0;1.0;0.0;0.0;1.0;0.0
0.10256410256410256;0.05263157894736842;0.000946073793755913;1.0;0.0;1.0;0.18523153942428036;1.0;0.0;0.0;0.0;1.0;1.0;0.0;0.0;0.0;0.0;0.0;1.0;0.0
0.2564102564102564;0.05263157894736842;0.0;0.0;0.0;0.0;0.03504380475594493;1.0;0.0;0.0;0.0;1.0;0.0;0.0;1.0;0.0;0.0;0.0;0.0;1.0
0.025641025641025633;0.02631578947368421;0.17880794701986755;1.0;0.0;1.0;0.0;0.0;0.0;1.0;0.0;1.0;0.0;0.0;0.0;1.0;0.0;0.0;1.0;0.0
0.06410256410256412;0.0;0.000946073793755913;0.0;0.0;0.0;0.0;0.0;0.0;1.0;0.0;1.0;0.0;0.0;1.0;0.0;0.0;0.0;0.0;1.0
0.20512820512820515;0.23684210526315788;0.000946073793755913;1.0;0.0;1.0;0.0;1.0;0.0;0.0;0.0;1.0;1.0;0.0;0.0;0.0;0.0;0.0;1.0;0.0
0.42307692307692313;0.4473684210526315;0.001892147587511826;1.0;0.0;1.0;0.0;0.0;1.0;0.0;0.0;1.0;1.0;0.0;0.0;0.0;0.0;0.0;1.0;0.0
0.07692307692307696;0.18421052631578946;0.09176915799432356;1.0;0.0;1.0;0.1214017521902378;0.0;0.0;1.0;0.0;1.0;1.0;0.0;0.0;0.0;0.0;0.0;0.0;1.0
0.08974358974358973;0.02631578947368421;0.0;0.0;0.0;0.0;0.0;1.0;0.0;0.0;0.0;1.0;1.0;0.0;0.0;0.0;0.0;0.0;1.0;0.0
0.07692307692307696;0.13157894736842105;0.000946073793755913;1.0;0.0;1.0;0.0;0.0;0.0;1.0;0.0;1.0;0.0;0.0;0.0;0.0;0.0;1.0;1.0;0.0
0.07692307692307696;0.15789473684210525;0.0;1.0;0.0;1.0;0.056320400500625784;0.0;0.0;1.0;0.0;1.0;1.0;0.0;0.0;0.0;0.0;0.0;1.0;0.0
0.06410256410256412;0.0;0.000946073793755913;0.0;0.0;0.0;0.0;0.0;0.0;1.0;0.0;1.0;1.0;0.0;0.0;0.0;0.0;0.0;0.0;1.0
0.33333333333333337;0.0;0.000946073793755913;0.0;0.0;0.0;0.0012515644555694619;1.0;0.0;0.0;0.0;1.0;1.0;0.0;0.0;0.0;0.0;0.0;1.0;0.0
0.5256410256410257;0.4473684210526315;0.17880794701986755;0.0;0.0;0.0;0.2227784730913642;0.0;1.0;0.0;0.0;1.0;1.0;0.0;0.0;0.0;0.0;0.0;1.0;0.0
0.20512820512820515;0.10526315789473684;0.000946073793755913;0.0;0.0;0.0;0.0;1.0;0.0;0.0;0.0;1.0;1.0;0.0;0.0;0.0;0.0;0.0;0.0;1.0
0.051282051282051294;0.02631578947368421;0.000946073793755913;0.0;0.0;0.0;0.0;0.0;0.0;1.0;0.0;1.0;1.0;0.0;0.0;0.0;0.0;0.0;1.0;0.0
0.29487179487179493;0.02631578947368421;0.000946073793755913;1.0;1.0;1.0;0.07133917396745933;1.0;0.0;0.0;0.0;1.0;0.0;0.0;1.0;0.0;0.0;0.0;1.0;0.0
0.15384615384615383;0.05263157894736842;0.000946073793755913;0.0;0.0;0.0;0.0025031289111389237;1.0;0.0;0.0;1.0;0.0;1.0;0.0;0.0;0.0;0.0;0.0;1.0;0.0
0.10256410256410256;0.13157894736842105;0.0;1.0;0.0;1.0;0.0012515644555694619;1.0;0.0;0.0;0.0;1.0;0.0;0.0;0.0;1.0;0.0;0.0;1.0;0.0
0.08974358974358973;0.10526315789473684;0.000946073793755913;1.0;1.0;1.0;0.03879849812265332;1.0;0.0;0.0;0.0;1.0;1.0;0.0;0.0;0.0;0.0;0.0;1.0;0.0
0.025641025641025633;0.05263157894736842;0.0;1.0;0.0;1.0;0.0725907384230288;0.0;0.0;1.0;0.0;1.0;1.0;0.0;0.0;0.0;0.0;0.0;1.0;0.0
0.051282051282051294;0.02631578947368421;0.000946073793755913;0.0;0.0;0.0;0.0;0.0;0.0;1.0;1.0;0.0;1.0;0.0;0.0;0.0;0.0;0.0;0.0;1.0
0.12820512820512822;0.10526315789473684;0.0;1.0;1.0;1.0;0.0262828535669587;1.0;0.0;0.0;0.0;1.0;1.0;0.0;0.0;0.0;0.0;0.0;1.0;0.0
0.21794871794871792;0.10526315789473684;0.09082308420056764;1.0;1.0;1.0;0.13516896120150187;1.0;0.0;0.0;0.0;1.0;1.0;0.0;0.0;0.0;0.0;0.0;1.0;0.0
0.20512820512820515;0.0;0.001892147587511826;0.0;0.0;0.0;0.0012515644555694619;1.0;0.0;0.0;1.0;0.0;0.0;0.0;1.0;0.0;0.0;0.0;0.0;1.0
0.10256410256410256;0.0;0.000946073793755913;0.0;0.0;0.0;0.0;1.0;0.0;0.0;0.0;1.0;0.0;0.0;0.0;0.0;0.0;1.0;1.0;0.0
0.24358974358974358;0.05263157894736842;0.000946073793755913;0.0;0.0;0.0;0.0;1.0;0.0;0.0;0.0;1.0;0.0;0.0;1.0;0.0;0.0;0.0;1.0;0.0
0.24358974358974358;0.13157894736842105;0.09933774834437085;0.0;0.0;0.0;0.13016270337922403;1.0;0.0;0.0;0.0;1.0;0.0;0.0;1.0;0.0;0.0;0.0;0.0;1.0
0.06410256410256412;0.05263157894736842;0.000946073793755913;1.0;1.0;1.0;0.01877346683354193;0.0;0.0;1.0;0.0;1.0;0.0;0.0;1.0;0.0;0.0;0.0;1.0;0.0
0.19230769230769232;0.0;0.000946073793755913;0.0;0.0;0.0;0.0;1.0;0.0;0.0;0.0;1.0;0.0;0.0;0.0;0.0;0.0;1.0;0.0;1.0
0.08974358974358973;0.10526315789473684;0.0;1.0;0.0;1.0;0.0;1.0;0.0;0.0;1.0;0.0;1.0;0.0;0.0;0.0;0.0;0.0;1.0;0.0
0.16666666666666666;0.6578947368421052;0.000946073793755913;1.0;0.0;1.0;0.14643304130162704;1.0;0.0;0.0;0.0;1.0;1.0;0.0;0.0;0.0;0.0;0.0;0.0;1.0
0.23076923076923075;0.02631578947368421;0.000946073793755913;0.0;0.0;0.0;0.0012515644555694619;1.0;0.0;0.0;1.0;0.0;1.0;0.0;0.0;0.0;0.0;0.0;0.0;1.0
0.35897435897435903;0.0;0.0;0.0;0.0;0.0;0.0;0.0;1.0;0.0;1.0;0.0;0.0;0.0;1.0;0.0;0.0;0.0;0.0;1.0
0.025641025641025633;0.0;0.000946073793755913;1.0;0.0;1.0;0.0;0.0;0.0;1.0;0.0;1.0;0.0;0.0;1.0;0.0;0.0;0.0;1.0;0.0
0.10256410256410256;0.2631578947368421;0.006622516556291391;1.0;0.0;1.0;0.0;1.0;0.0;0.0;0.0;1.0;0.0;0.0;1.0;0.0;0.0;0.0;1.0;0.0
0.24358974358974358;0.4473684210526315;0.000946073793755913;0.0;0.0;0.0;0.056320400500625784;1.0;0.0;0.0;0.0;1.0;1.0;0.0;0.0;0.0;0.0;0.0;0.0;1.0
0.21794871794871792;0.18421052631578946;0.0;0.0;0.0;0.0;0.0012515644555694619;1.0;0.0;0.0;0.0;1.0;0.0;0.0;0.0;1.0;0.0;0.0;1.0;0.0
0.41025641025641024;0.42105263157894735;0.06433301797540208;1.0;0.0;1.0;0.08385481852315395;0.0;1.0;0.0;0.0;1.0;0.0;0.0;1.0;0.0;0.0;0.0;1.0;0.0
0.038461538461538464;0.02631578947368421;0.000946073793755913;1.0;0.0;1.0;0.0025031289111389237;0.0;0.0;1.0;0.0;1.0;1.0;0.0;0.0;0.0;0.0;0.0;1.0;0.0
0.4358974358974359;0.02631578947368421;0.000946073793755913;1.0;0.0;1.0;0.003754693366708386;0.0;1.0;0.0;0.0;1.0;0.0;0.0;1.0;0.0;0.0;0.0;1.0;0.0
0.28205128205128205;0.02631578947368421;0.000946073793755913;0.0;0.0;0.0;0.0;1.0;0.0;0.0;1.0;0.0;0.0;0.0;0.0;1.0;0.0;0.0;0.0;1.0
0.34615384615384615;0.39473684210526316;0.000946073793755913;1.0;0.0;1.0;0.0012515644555694619;0.0;1.0;0.0;1.0;0.0;0.0;0.0;0.0;0.0;1.0;0.0;1.0;0.0
0.06410256410256412;0.05263157894736842;0.000946073793755913;1.0;0.0;1.0;0.0;0.0;0.0;1.0;1.0;0.0;1.0;0.0;0.0;0.0;0.0;0.0;1.0;0.0
0.10256410256410256;0.2631578947368421;0.000946073793755913;1.0;0.0;1.0;0.0012515644555694619;1.0;0.0;0.0;0.0;1.0;1.0;0.0;0.0;0.0;0.0;0.0;1.0;0.0
0.2564102564102564;0.0;0.0;0.0;0.0;0.0;0.0;1.0;0.0;0.0;1.0;0.0;0.0;0.0;0.0;1.0;0.0;0.0;1.0;0.0
0.038461538461538464;0.10526315789473684;0.000946073793755913;1.0;0.0;1.0;0.0;0.0;0.0;1.0;0.0;1.0;0.0;0.0;0.0;1.0;0.0;0.0;1.0;0.0
0.15384615384615383;0.0;0.000946073793755913;0.0;0.0;0.0;0.0;1.0;0.0;0.0;0.0;1.0;0.0;0.0;1.0;0.0;0.0;0.0;1.0;0.0
0.29487179487179493;0.0;0.0;0.0;0.0;0.0;0.0;1.0;0.0;0.0;0.0;1.0;0.0;0.0;1.0;0.0;0.0;0.0;0.0;1.0
0.051282051282051294;0.0;0.0;0.0;0.0;0.0;0.0012515644555694619;0.0;0.0;1.0;1.0;0.0;1.0;0.0;0.0;0.0;0.0;0.0;1.0;0.0
0.2692307692307693;0.07894736842105263;0.000946073793755913;1.0;0.0;1.0;0.003754693366708386;1.0;0.0;0.0;0.0;1.0;1.0;0.0;0.0;0.0;0.0;0.0;1.0;0.0
0.5;0.6052631578947368;0.000946073793755913;1.0;1.0;1.0;0.03754693366708386;0.0;1.0;0.0;0.0;1.0;1.0;0.0;0.0;0.0;0.0;0.0;1.0;0.0
0.08974358974358973;0.0;0.000946073793755913;0.0;0.0;0.0;0.0;1.0;0.0;0.0;1.0;0.0;0.0;0.0;1.0;0.0;0.0;0.0;0.0;1.0
0.39743589743589747;0.02631578947368421;0.000946073793755913;1.0;1.0;0.0;0.012515644555694618;0.0;1.0;0.0;0.0;1.0;1.0;0.0;0.0;0.0;0.0;0.0;0.0;1.0
0.14102564102564105;0.02631578947368421;0.000946073793755913;1.0;0.0;1.0;0.0;1.0;0.0;0.0;1.0;0.0;1.0;0.0;0.0;0.0;0.0;0.0;1.0;0.0
0.35897435897435903;0.47368421052631576;0.10785241248817408;1.0;0.0;0.0;0.08135168961201503;0.0;1.0;0.0;0.0;1.0;1.0;0.0;0.0;0.0;0.0;0.0;1.0;0.0
0.23076923076923075;0.6842105263157894;0.000946073793755913;1.0;0.0;1.0;0.14643304130162704;1.0;0.0;0.0;0.0;1.0;0.0;0.0;0.0;1.0;0.0;0.0;1.0;0.0
0.025641025641025633;0.0;0.030274361400189215;1.0;0.0;1.0;0.01376720901126408;0.0;0.0;1.0;1.0;0.0;1.0;0.0;0.0;0.0;0.0;0.0;1.0;0.0
0.07692307692307696;0.15789473684210525;0.000946073793755913;0.0;0.0;0.0;0.0012515644555694619;0.0;0.0;1.0;0.0;1.0;0.0;0.0;1.0;0.0;0.0;0.0;1.0;0.0
0.07692307692307696;0.02631578947368421;0.0;0.0;0.0;0.0;0.0;0.0;0.0;1.0;0.0;1.0;1.0;0.0;0.0;0.0;0.0;0.0;1.0;0.0
0.08974358974358973;0.2894736842105263;0.11920529801324503;1.0;0.0;1.0;0.40175219023779724;1.0;0.0;0.0;0.0;1.0;1.0;0.0;0.0;0.0;0.0;0.0;1.0;0.0
0.4871794871794872;0.3157894736842105;0.000946073793755913;1.0;0.0;1.0;0.0012515644555694619;0.0;1.0;0.0;0.0;1.0;1.0;0.0;0.0;0.0;0.0;0.0;1.0;0.0
0.025641025641025633;0.0;0.0;1.0;0.0;1.0;0.0;0.0;0.0;1.0;0.0;1.0;1.0;0.0;0.0;0.0;0.0;0.0;1.0;0.0
0.01282051282051283;0.0;0.000946073793755913;1.0;1.0;1.0;0.0012515644555694619;0.0;0.0;1.0;0.0;1.0;0.0;0.0;0.0;0.0;0.0;1.0;0.0;1.0
0.025641025641025633;0.0;0.001892147587511826;1.0;0.0;1.0;0.0;0.0;0.0;1.0;0.0;1.0;0.0;0.0;1.0;0.0;0.0;0.0;0.0;1.0
0.16666666666666666;0.13157894736842105;0.000946073793755913;1.0;1.0;1.0;0.0;1.0;0.0;0.0;0.0;1.0;1.0;0.0;0.0;0.0;0.0;0.0;0.0;1.0
0.08974358974358973;0.10526315789473684;0.000946073793755913;1.0;0.0;1.0;0.04005006257822278;1.0;0.0;0.0;0.0;1.0;1.0;0.0;0.0;0.0;0.0;0.0;1.0;0.0
0.10256410256410256;0.02631578947368421;0.11636707663197729;1.0;0.0;1.0;0.0012515644555694619;1.0;0.0;0.0;0.0;1.0;1.0;0.0;0.0;0.0;0.0;0.0;1.0;0.0
0.33333333333333337;0.05263157894736842;0.000946073793755913;1.0;0.0;1.0;0.0012515644555694619;1.0;0.0;0.0;0.0;1.0;0.0;0.0;1.0;0.0;0.0;0.0;1.0;0.0
0.038461538461538464;0.0;0.000946073793755913;1.0;1.0;1.0;0.011264080100125157;0.0;0.0;1.0;0.0;1.0;0.0;0.0;1.0;0.0;0.0;0.0;0.0;1.0
0.29487179487179493;0.5;0.0;1.0;0.0;0.0;0.2753441802252816;1.0;0.0;0.0;0.0;1.0;1.0;0.0;0.0;0.0;0.0;0.0;1.0;0.0
0.24358974358974358;0.05263157894736842;0.000946073793755913;1.0;0.0;1.0;0.0012515644555694619;1.0;0.0;0.0;1.0;0.0;0.0;0.0;1.0;0.0;0.0;0.0;1.0;0.0
0.11538461538461539;0.18421052631578946;0.000946073793755913;1.0;0.0;1.0;0.0025031289111389237;1.0;0.0;0.0;0.0;1.0;1.0;0.0;0.0;0.0;0.0;0.0;1.0;0.0
0.3076923076923077;0.0;0.0;0.0;0.0;0.0;0.007509386733416772;1.0;0.0;0.0;0.0;1.0;1.0;0.0;0.0;0.0;0.0;0.0;0.0;1.0
0.33333333333333337;0.10526315789473684;0.000946073793755913;0.0;0.0;0.0;0.0012515644555694619;1.0;0.0;0.0;0.0;1.0;0.0;0.0;1.0;0.0;0.0;0.0;1.0;0.0
0.47435897435897434;0.02631578947368421;0.000946073793755913;0.0;0.0;0.0;0.011264080100125157;0.0;1.0;0.0;0.0;1.0;1.0;0.0;0.0;0.0;0.0;0.0;1.0;0.0
0.06410256410256412;0.0;0.000946073793755913;0.0;0.0;0.0;0.0012515644555694619;0.0;0.0;1.0;1.0;0.0;0.0;0.0;0.0;0.0;0.0;1.0;0.0;1.0
0.038461538461538464;0.02631578947368421;0.000946073793755913;1.0;1.0;1.0;0.5707133917396746;0.0;0.0;1.0;0.0;1.0;1.0;0.0;0.0;0.0;0.0;0.0;1.0;0.0
0.07692307692307696;0.0;0.000946073793755913;1.0;1.0;1.0;0.025031289111389236;0.0;0.0;1.0;0.0;1.0;1.0;0.0;0.0;0.0;0.0;0.0;0.0;1.0
0.08974358974358973;0.15789473684210525;0.02270577105014191;1.0;0.0;1.0;0.015018773466833543;1.0;0.0;0.0;1.0;0.0;1.0;0.0;0.0;0.0;0.0;0.0;1.0;0.0
0.11538461538461539;0.6578947368421052;0.017029328287606435;1.0;1.0;1.0;0.05006257822277847;1.0;0.0;0.0;0.0;1.0;1.0;0.0;0.0;0.0;0.0;0.0;1.0;0.0
0.14102564102564105;0.3157894736842105;0.0;1.0;0.0;1.0;0.04881101376720901;1.0;0.0;0.0;0.0;1.0;0.0;0.0;1.0;0.0;0.0;0.0;0.0;1.0
0.06410256410256412;0.13157894736842105;0.04919583727530748;1.0;1.0;1.0;0.015018773466833543;0.0;0.0;1.0;0.0;1.0;0.0;0.0;1.0;0.0;0.0;0.0;0.0;1.0
0.07692307692307696;0.13157894736842105;0.000946073793755913;1.0;0.0;1.0;0.0012515644555694619;0.0;0.0;1.0;0.0;1.0;1.0;0.0;0.0;0.0;0.0;0.0;1.0;0.0
0.2692307692307693;0.2631578947368421;0.000946073793755913;1.0;0.0;1.0;0.0012515644555694619;1.0;0.0;0.0;0.0;1.0;0.0;0.0;1.0;0.0;0.0;0.0;1.0;0.0
0.06410256410256412;0.07894736842105263;0.000946073793755913;0.0;0.0;0.0;0.0012515644555694619;0.0;0.0;1.0;0.0;1.0;1.0;0.0;0.0;0.0;0.0;0.0;1.0;0.0
0.15384615384615383;0.13157894736842105;0.000946073793755913;1.0;0.0;1.0;0.006257822277847309;1.0;0.0;0.0;0.0;1.0;0.0;0.0;0.0;0.0;0.0;1.0;0.0;1.0
0.21794871794871792;0.3421052631578947;0.000946073793755913;1.0;0.0;1.0;0.006257822277847309;1.0;0.0;0.0;0.0;1.0;1.0;0.0;0.0;0.0;0.0;0.0;1.0;0.0
0.025641025641025633;0.02631578947368421;0.000946073793755913;1.0;0.0;1.0;0.0012515644555694619;0.0;0.0;1.0;0.0;1.0;1.0;0.0;0.0;0.0;0.0;0.0;1.0;0.0
0.038461538461538464;0.02631578947368421;0.000946073793755913;1.0;1.0;1.0;0.0688360450563204;0.0;0.0;1.0;0.0;1.0;0.0;0.0;0.0;1.0;0.0;0.0;1.0;0.0
0.10256410256410256;0.05263157894736842;0.000946073793755913;0.0;0.0;0.0;0.04130162703379224;1.0;0.0;0.0;0.0;1.0;1.0;0.0;0.0;0.0;0.0;0.0;1.0;0.0
0.29487179487179493;0.4473684210526315;0.16177861873226113;1.0;1.0;1.0;0.058823529411764705;1.0;0.0;0.0;0.0;1.0;0.0;0.0;1.0;0.0;0.0;0.0;0.0;1.0
0.3205128205128205;0.18421052631578946;0.019867549668874173;0.0;0.0;0.0;0.010012515644555695;1.0;0.0;0.0;1.0;0.0;0.0;0.0;1.0;0.0;0.0;0.0;1.0;0.0
0.23076923076923075;0.05263157894736842;0.000946073793755913;1.0;0.0;1.0;0.0025031289111389237;1.0;0.0;0.0;0.0;1.0;0.0;0.0;0.0;0.0;0.0;1.0;0.0;1.0
0.35897435897435903;0.23684210526315788;0.000946073793755913;1.0;0.0;1.0;0.1439299123904881;0.0;1.0;0.0;0.0;1.0;1.0;0.0;0.0;0.0;0.0;0.0;1.0;0.0
0.06410256410256412;0.0;0.0;1.0;0.0;1.0;0.0;0.0;0.0;1.0;0.0;1.0;1.0;0.0;0.0;0.0;0.0;0.0;1.0;0.0
0.5897435897435898;0.21052631578947367;0.27436140018921473;1.0;0.0;1.0;0.36295369211514394;0.0;1.0;0.0;0.0;1.0;0.0;0.0;1.0;0.0;0.0;0.0;1.0;0.0
0.3717948717948718;0.02631578947368421;0.002838221381267739;1.0;0.0;0.0;0.0;0.0;1.0;0.0;0.0;1.0;1.0;0.0;0.0;0.0;0.0;0.0;1.0;0.0
0.16666666666666666;0.13157894736842105;0.0;0.0;0.0;0.0;0.0;1.0;0.0;0.0;0.0;1.0;1.0;0.0;0.0;0.0;0.0;0.0;0.0;1.0
0.14102564102564105;0.2894736842105263;0.06149479659413434;1.0;0.0;1.0;0.023779724655819776;1.0;0.0;0.0;0.0;1.0;1.0;0.0;0.0;0.0;0.0;0.0;1.0;0.0
0.20512820512820515;0.0;0.000946073793755913;0.0;0.0;0.0;0.0;1.0;0.0;0.0;0.0;1.0;1.0;0.0;0.0;0.0;0.0;0.0;1.0;0.0
0.41025641025641024;0.13157894736842105;0.000946073793755913;1.0;0.0;1.0;0.0012515644555694619;0.0;1.0;0.0;0.0;1.0;0.0;0.0;1.0;0.0;0.0;0.0;1.0;0.0
0.025641025641025633;0.0;0.002838221381267739;0.0;0.0;0.0;0.0;0.0;0.0;1.0;0.0;1.0;0.0;0.0;1.0;0.0;0.0;0.0;1.0;0.0
0.08974358974358973;0.05263157894736842;0.000946073793755913;0.0;0.0;0.0;0.34292866082603257;1.0;0.0;0.0;0.0;1.0;1.0;0.0;0.0;0.0;0.0;0.0;1.0;0.0
0.038461538461538464;0.02631578947368421;0.000946073793755913;0.0;0.0;0.0;0.0012515644555694619;0.0;0.0;1.0;0.0;1.0;1.0;0.0;0.0;0.0;0.0;0.0;1.0;0.0
0.24358974358974358;0.02631578947368421;0.000946073793755913;0.0;0.0;0.0;0.0;1.0;0.0;0.0;0.0;1.0;0.0;0.0;1.0;0.0;0.0;0.0;0.0;1.0
0.11538461538461539;0.2631578947368421;0.0;1.0;1.0;1.0;0.0;1.0;0.0;0.0;0.0;1.0;1.0;0.0;0.0;0.0;0.0;0.0;1.0;0.0
0.3846153846153847;0.47368421052631576;0.0804162724692526;1.0;0.0;1.0;0.06758448060075094;0.0;1.0;0.0;1.0;0.0;1.0;0.0;0.0;0.0;0.0;0.0;1.0;0.0
0.14102564102564105;0.42105263157894735;0.000946073793755913;0.0;0.0;0.0;0.02127659574468085;1.0;0.0;0.0;0.0;1.0;1.0;0.0;0.0;0.0;0.0;0.0;1.0;0.0
0.14102564102564105;0.15789473684210525;0.04068117313150426;1.0;0.0;1.0;0.022528160200250315;1.0;0.0;0.0;0.0;1.0;0.0;0.0;1.0;0.0;0.0;0.0;1.0;0.0
0.29487179487179493;0.02631578947368421;0.0;0.0;0.0;0.0;0.0362953692115144;1.0;0.0;0.0;1.0;0.0;0.0;0.0;1.0;0.0;0.0;0.0;0.0;1.0
0.12820512820512822;0.47368421052631576;0.0;1.0;0.0;1.0;0.0;1.0;0.0;0.0;0.0;1.0;1.0;0.0;0.0;0.0;0.0;0.0;1.0;0.0
0.28205128205128205;0.0;0.0;0.0;0.0;0.0;0.08010012515644556;1.0;0.0;0.0;0.0;1.0;0.0;0.0;0.0;1.0;0.0;0.0;1.0;0.0
0.19230769230769232;0.2631578947368421;0.0;0.0;0.0;0.0;0.14643304130162704;1.0;0.0;0.0;0.0;1.0;0.0;0.0;1.0;0.0;0.0;0.0;1.0;0.0
0.051282051282051294;0.0;0.000946073793755913;0.0;0.0;0.0;0.0;0.0;0.0;1.0;1.0;0.0;0.0;0.0;0.0;1.0;0.0;0.0;0.0;1.0
0.3717948717948718;0.05263157894736842;0.000946073793755913;0.0;0.0;0.0;0.0;0.0;1.0;0.0;0.0;1.0;0.0;0.0;1.0;0.0;0.0;0.0;0.0;1.0
0.6410256410256411;0.15789473684210525;0.000946073793755913;0.0;0.0;0.0;0.0025031289111389237;0.0;1.0;0.0;0.0;1.0;1.0;0.0;0.0;0.0;0.0;0.0;0.0;1.0
0.20512820512820515;0.7105263157894737;0.000946073793755913;1.0;0.0;1.0;0.1476846057571965;1.0;0.0;0.0;0.0;1.0;1.0;0.0;0.0;0.0;0.0;0.0;1.0;0.0
0.051282051282051294;0.05263157894736842;0.000946073793755913;0.0;0.0;0.0;0.0025031289111389237;0.0;0.0;1.0;1.0;0.0;1.0;0.0;0.0;0.0;0.0;0.0;1.0;0.0
0.20512820512820515;0.02631578947368421;0.000946073793755913;1.0;0.0;1.0;0.0012515644555694619;1.0;0.0;0.0;0.0;1.0;1.0;0.0;0.0;0.0;0.0;0.0;0.0;1.0
0.5256410256410257;0.0;0.000946073793755913;1.0;0.0;1.0;0.0;0.0;1.0;0.0;0.0;1.0;0.0;0.0;1.0;0.0;0.0;0.0;0.0;1.0
0.3717948717948718;0.0;0.0;0.0;0.0;0.0;0.0012515644555694619;0.0;1.0;0.0;0.0;1.0;0.0;0.0;1.0;0.0;0.0;0.0;0.0;1.0
0.2564102564102564;0.42105263157894735;0.026490066225165563;1.0;1.0;1.0;0.04130162703379224;1.0;0.0;0.0;0.0;1.0;1.0;0.0;0.0;0.0;0.0;0.0;0.0;1.0
0.025641025641025633;0.0;0.000946073793755913;0.0;0.0;0.0;0.0012515644555694619;0.0;0.0;1.0;0.0;1.0;0.0;0.0;1.0;0.0;0.0;0.0;1.0;0.0
0.10256410256410256;0.0;0.000946073793755913;0.0;0.0;0.0;0.0012515644555694619;1.0;0.0;0.0;0.0;1.0;0.0;0.0;1.0;0.0;0.0;0.0;0.0;1.0
0.19230769230769232;0.13157894736842105;0.000946073793755913;1.0;0.0;1.0;0.0012515644555694619;1.0;0.0;0.0;0.0;1.0;1.0;0.0;0.0;0.0;0.0;0.0;0.0;1.0
0.051282051282051294;0.05263157894736842;0.000946073793755913;0.0;0.0;0.0;0.0012515644555694619;0.0;0.0;1.0;1.0;0.0;1.0;0.0;0.0;0.0;0.0;0.0;1.0;0.0
0.28205128205128205;0.39473684210526316;0.000946073793755913;1.0;1.0;1.0;0.09011264080100126;1.0;0.0;0.0;0.0;1.0;1.0;0.0;0.0;0.0;0.0;0.0;1.0;0.0
0.14102564102564105;0.21052631578947367;0.0510879848628193;0.0;0.0;0.0;0.0012515644555694619;1.0;0.0;0.0;0.0;1.0;0.0;0.0;1.0;0.0;0.0;0.0;0.0;1.0
0.14102564102564105;0.0;0.000946073793755913;0.0;0.0;0.0;0.03504380475594493;1.0;0.0;0.0;1.0;0.0;0.0;0.0;1.0;0.0;0.0;0.0;1.0;0.0
0.3205128205128205;0.0;0.0;0.0;0.0;0.0;0.0;1.0;0.0;0.0;0.0;1.0;1.0;0.0;0.0;0.0;0.0;0.0;0.0;1.0
0.10256410256410256;0.631578947368421;0.000946073793755913;1.0;1.0;1.0;0.10638297872340426;1.0;0.0;0.0;0.0;1.0;1.0;0.0;0.0;0.0;0.0;0.0;0.0;1.0
0.16666666666666666;0.0;0.0;0.0;0.0;0.0;0.0;1.0;0.0;0.0;0.0;1.0;1.0;0.0;0.0;0.0;0.0;0.0;0.0;1.0
